ds,y
,AAPL
2022-01-03,178.27032470703125
2022-01-04,176.0077667236328
2022-01-05,171.32601928710938
2022-01-06,168.4660186767578
2022-01-07,168.6324920654297
2022-01-10,168.65208435058594
2022-01-11,171.48268127441406
2022-01-12,171.92349243164062
2022-01-13,168.65208435058594
2022-01-14,169.51402282714844
2022-01-18,166.31118774414062
2022-01-19,162.81454467773438
2022-01-20,161.1298370361328
2022-01-21,159.07305908203125
2022-01-24,158.29922485351562
2022-01-25,156.49708557128906
2022-01-26,156.40892028808594
2022-01-27,155.94857788085938
2022-01-28,166.83030700683594
2022-01-31,171.18887329101562
2022-02-01,171.0223388671875
2022-02-02,172.22705078125
2022-02-03,169.3474884033203
2022-02-04,169.06309509277344
2022-02-07,168.34719848632812
2022-02-08,171.45599365234375
2022-02-09,172.87802124023438
2022-02-10,168.79830932617188
2022-02-11,165.38548278808594
2022-02-14,165.62086486816406
2022-02-15,169.4553680419922
2022-02-16,169.22000122070312
2022-02-17,165.62086486816406
2022-02-18,164.07138061523438
2022-02-22,161.14886474609375
2022-02-23,156.98086547851562
2022-02-24,159.599365234375
2022-02-25,161.6686248779297
2022-02-28,161.9333953857422
2022-03-01,160.05043029785156
2022-03-02,163.3456268310547
2022-03-03,163.02197265625
2022-03-04,160.0210418701172
2022-03-07,156.22573852539062
2022-03-08,154.40162658691406
2022-03-09,159.80528259277344
2022-03-10,155.46078491210938
2022-03-11,151.74392700195312
2022-03-14,147.7132568359375
2022-03-15,152.0969696044922
2022-03-16,156.5101318359375
2022-03-17,157.52023315429688
2022-03-18,160.8154296875
2022-03-21,162.18841552734375
2022-03-22,165.56198120117188
2022-03-23,166.9251708984375
2022-03-24,170.710693359375
2022-03-25,171.34812927246094
2022-03-28,172.21116638183594
2022-03-29,175.50633239746094
2022-03-30,174.33926391601562
2022-03-31,171.24026489257812
2022-04-01,170.946044921875
2022-04-04,174.99632263183594
2022-04-05,171.6815643310547
2022-04-06,168.5138702392578
2022-04-07,168.8179168701172
2022-04-08,166.80751037597656
2022-04-11,162.55125427246094
2022-04-12,164.4243927001953
2022-04-13,167.1114959716797
2022-04-14,162.10012817382812
2022-04-18,161.88433837890625
2022-04-19,164.1693878173828
2022-04-20,164.002685546875
2022-04-21,163.20828247070312
2022-04-22,158.66766357421875
2022-04-25,159.7366180419922
2022-04-26,153.77398681640625
2022-04-27,153.5484161376953
2022-04-28,160.48199462890625
2022-04-29,154.60757446289062
2022-05-02,154.91159057617188
2022-05-03,156.40225219726562
2022-05-04,162.81605529785156
2022-05-05,153.74456787109375
2022-05-06,154.4713134765625
2022-05-09,149.34454345703125
2022-05-10,151.7508087158203
2022-05-11,143.8838348388672
2022-05-12,140.0142059326172
2022-05-13,144.48294067382812
2022-05-16,142.94100952148438
2022-05-17,146.5749053955078
2022-05-18,138.30526733398438
2022-05-19,134.897216796875
2022-05-20,135.13290405273438
2022-05-23,140.55438232421875
2022-05-24,137.8534698486328
2022-05-25,138.01063537597656
2022-05-26,141.21238708496094
2022-05-27,146.96775817871094
2022-05-31,146.1820526123047
2022-06-01,146.05435180664062
2022-06-02,148.5096893310547
2022-06-03,142.78384399414062
2022-06-06,143.53025817871094
2022-06-07,146.05435180664062
2022-06-08,145.3177490234375
2022-06-09,140.09275817871094
2022-06-10,134.68115234375
2022-06-13,129.52491760253906
2022-06-14,130.38919067382812
2022-06-15,133.0115203857422
2022-06-16,127.73741912841797
2022-06-17,129.2106170654297
2022-06-21,133.44366455078125
2022-06-22,132.93295288085938
2022-06-23,135.8008270263672
2022-06-24,139.13027954101562
2022-06-27,139.13027954101562
2022-06-28,134.98561096191406
2022-06-29,136.74363708496094
2022-06-30,134.27847290039062
2022-07-01,136.4490203857422
2022-07-05,139.03204345703125
2022-07-06,140.36773681640625
2022-07-07,143.7364959716797
2022-07-08,144.41419982910156
2022-07-11,142.282958984375
2022-07-12,143.25526428222656
2022-07-13,142.89186096191406
2022-07-14,145.81866455078125
2022-07-15,147.48829650878906
2022-07-18,144.4436492919922
2022-07-19,148.30345153808594
2022-07-20,150.30703735351562
2022-07-21,152.57577514648438
2022-07-22,151.33828735351562
2022-07-25,150.21865844726562
2022-07-26,148.8927459716797
2022-07-27,153.9900665283203
2022-07-28,154.54006958007812
2022-07-29,159.60794067382812
2022-08-01,158.62576293945312
2022-08-02,157.15257263183594
2022-08-03,163.1632843017578
2022-08-04,162.84898376464844
2022-08-05,162.62278747558594
2022-08-08,162.1507110595703
2022-08-09,162.19989013671875
2022-08-10,166.44863891601562
2022-08-11,165.71099853515625
2022-08-12,169.26145935058594
2022-08-15,170.33348083496094
2022-08-16,170.1761474609375
2022-08-17,171.67103576660156
2022-08-18,171.2776641845703
2022-08-19,168.6910400390625
2022-08-22,164.80618286132812
2022-08-23,164.47177124023438
2022-08-24,164.76683044433594
2022-08-25,167.22560119628906
2022-08-26,160.92132568359375
2022-08-29,158.71826171875
2022-08-30,156.28904724121094
2022-08-31,154.62692260742188
2022-09-01,155.35470581054688
2022-09-02,153.2401580810547
2022-09-06,151.9812774658203
2022-09-07,153.3876495361328
2022-09-08,151.91241455078125
2022-09-09,154.7744140625
2022-09-12,160.7344512939453
2022-09-13,151.3026123046875
2022-09-14,152.74838256835938
2022-09-15,149.85687255859375
2022-09-16,148.21441650390625
2022-09-19,151.93206787109375
2022-09-20,154.3121795654297
2022-09-21,151.18460083007812
2022-09-22,150.2207794189453
2022-09-23,147.94888305664062
2022-09-26,148.28329467773438
2022-09-27,149.25694274902344
2022-09-28,147.3686065673828
2022-09-29,140.13002014160156
2022-09-30,135.9206085205078
2022-10-03,140.1004638671875
2022-10-04,143.6903076171875
2022-10-05,143.9853515625
2022-10-06,143.03135681152344
2022-10-07,137.7794189453125
2022-10-10,138.10397338867188
2022-10-11,136.68771362304688
2022-10-12,136.05825805664062
2022-10-13,140.63157653808594
2022-10-14,136.09764099121094
2022-10-17,140.0612030029297
2022-10-18,141.37904357910156
2022-10-19,141.48724365234375
2022-10-20,141.02500915527344
2022-10-21,144.8410186767578
2022-10-24,146.98501586914062
2022-10-25,149.8273468017578
2022-10-26,146.88665771484375
2022-10-27,142.41177368164062
2022-10-28,153.1713104248047
2022-10-31,150.81088256835938
2022-11-01,148.16525268554688
2022-11-02,142.63792419433594
2022-11-03,136.58937072753906
2022-11-04,136.32339477539062
2022-11-07,136.8553924560547
2022-11-08,137.42674255371094
2022-11-09,132.86553955078125
2022-11-10,144.68722534179688
2022-11-11,147.4751739501953
2022-11-14,146.07623291015625
2022-11-15,147.81008911132812
2022-11-16,146.57867431640625
2022-11-17,148.48001098632812
2022-11-18,149.04151916503906
2022-11-21,145.81028747558594
2022-11-22,147.94801330566406
2022-11-23,148.8247833251953
2022-11-25,145.90878295898438
2022-11-28,142.0766143798828
2022-11-29,139.07191467285156
2022-11-30,145.82994079589844
2022-12-01,146.10580444335938
2022-12-02,145.6132354736328
2022-12-05,144.45079040527344
2022-12-06,140.78607177734375
2022-12-07,138.84535217285156
2022-12-08,140.52993774414062
2022-12-09,140.04722595214844
2022-12-12,142.34259033203125
2022-12-13,143.30804443359375
2022-12-14,141.08160400390625
2022-12-15,134.47134399414062
2022-12-16,132.5109100341797
2022-12-19,130.40269470214844
2022-12-20,130.33377075195312
2022-12-21,133.4369354248047
2022-12-22,130.26480102539062
2022-12-23,129.90029907226562
2022-12-27,128.09750366210938
2022-12-28,124.16677856445312
2022-12-29,127.68375396728516
2022-12-30,127.99893188476562
2023-01-03,123.21119689941406
2023-01-04,124.48202514648438
2023-01-05,123.16194915771484
2023-01-06,127.69358825683594
2023-01-09,128.21571350097656
2023-01-10,128.78707885742188
2023-01-11,131.50608825683594
2023-01-12,131.42724609375
2023-01-13,132.75718688964844
2023-01-17,133.91964721679688
2023-01-18,133.20053100585938
2023-01-19,133.2595977783203
2023-01-20,135.8209686279297
2023-01-23,139.01283264160156
2023-01-24,140.4116973876953
2023-01-25,139.75167846679688
2023-01-26,141.82046508789062
2023-01-27,143.76116943359375
2023-01-30,140.87474060058594
2023-01-31,142.14556884765625
2023-02-01,143.2686004638672
2023-02-02,148.57852172851562
2023-02-03,152.2037811279297
2023-02-06,149.4749755859375
2023-02-07,152.3516082763672
2023-02-08,149.6621551513672
2023-02-09,148.6277618408203
2023-02-10,148.99282836914062
2023-02-13,151.7948760986328
2023-02-14,151.153564453125
2023-02-15,153.255126953125
2023-02-16,151.65675354003906
2023-02-17,150.5122528076172
2023-02-21,146.4966278076172
2023-02-22,146.92088317871094
2023-02-23,147.40432739257812
2023-02-24,144.75027465820312
2023-02-27,145.944091796875
2023-02-28,145.44091796875
2023-03-01,143.36895751953125
2023-03-02,143.9609375
2023-03-03,149.01254272460938
2023-03-06,151.77516174316406
2023-03-07,149.574951171875
2023-03-08,150.8280029296875
2023-03-09,148.5784149169922
2023-03-10,146.516357421875
2023-03-13,148.4600372314453
2023-03-14,150.55172729492188
2023-03-15,150.94639587402344
2023-03-16,153.76817321777344
2023-03-17,152.9295196533203
2023-03-20,155.29747009277344
2023-03-21,157.15234375
2023-03-22,155.7217254638672
2023-03-23,156.80699157714844
2023-03-24,158.10939025878906
2023-03-27,156.16571044921875
2023-03-28,155.54412841796875
2023-03-29,158.62249755859375
2023-03-30,160.19122314453125
2023-03-31,162.69729614257812
2023-04-03,163.9503173828125
2023-04-04,163.41754150390625
2023-04-05,161.57249450683594
2023-04-06,162.4604949951172
2023-04-10,159.86561584472656
2023-04-11,158.65208435058594
2023-04-12,157.96141052246094
2023-04-13,163.34844970703125
2023-04-14,163.00315856933594
2023-04-17,163.02288818359375
2023-04-18,164.2462921142578
2023-04-19,165.3908233642578
2023-04-20,164.4239044189453
2023-04-21,162.81568908691406
2023-04-24,163.1215362548828
2023-04-25,161.5823974609375
2023-04-26,161.57249450683594
2023-04-27,166.160400390625
2023-04-28,167.41343688964844
2023-05-01,167.3246307373047
2023-05-02,166.2886505126953
2023-05-03,165.21319580078125
2023-05-04,163.5753936767578
2023-05-05,171.25146484375
2023-05-08,171.18240356445312
2023-05-09,169.47552490234375
2023-05-10,171.2416229248047
2023-05-11,171.42906188964844
2023-05-12,170.50035095214844
2023-05-15,170.00634765625
2023-05-16,170.00634765625
2023-05-17,170.61891174316406
2023-05-18,172.95059204101562
2023-05-19,173.05926513671875
2023-05-22,172.1107940673828
2023-05-23,169.50247192382812
2023-05-24,169.7790985107422
2023-05-25,170.91531372070312
2023-05-26,173.3260498046875
2023-05-30,175.17359924316406
2023-05-31,175.12420654296875
2023-06-01,177.93014526367188
2023-06-02,178.77981567382812
2023-06-05,177.42626953125
2023-06-06,177.06069946289062
2023-06-07,175.6873779296875
2023-06-08,178.4044189453125
2023-06-09,178.7897186279297
2023-06-12,181.58578491210938
2023-06-13,181.1114959716797
2023-06-14,181.7438507080078
2023-06-15,183.7791290283203
2023-06-16,182.70220947265625
2023-06-20,182.7911376953125
2023-06-21,181.75375366210938
2023-06-22,184.75726318359375
2023-06-23,184.4411163330078
2023-06-26,183.0480499267578
2023-06-27,185.8045654296875
2023-06-28,186.98031616210938
2023-06-29,187.3162384033203
2023-06-30,191.6436767578125
2023-07-03,190.1518096923828
2023-07-05,189.03536987304688
2023-07-06,189.5095672607422
2023-07-07,188.3931121826172
2023-07-10,186.3479766845703
2023-07-11,185.8243408203125
2023-07-12,187.49404907226562
2023-07-13,188.25482177734375
2023-07-14,188.4030303955078
2023-07-17,191.66346740722656
2023-07-18,191.40655517578125
2023-07-19,192.76016235351562
2023-07-20,190.8137664794922
2023-07-21,189.63803100585938
2023-07-24,190.43829345703125
2023-07-25,191.29788208007812
2023-07-26,192.16732788085938
2023-07-27,190.90269470214844
2023-07-28,193.4813690185547
2023-07-31,194.09390258789062
2023-08-01,193.2639923095703
2023-08-02,190.2703399658203
2023-08-03,188.87725830078125
2023-08-04,179.807373046875
2023-08-07,176.70504760742188
2023-08-08,177.64366149902344
2023-08-09,176.0529327392578
2023-08-10,175.83558654785156
2023-08-11,175.8949432373047
2023-08-14,177.54714965820312
2023-08-15,175.55856323242188
2023-08-16,174.6879425048828
2023-08-17,172.14535522460938
2023-08-18,172.63015747070312
2023-08-21,173.96571350097656
2023-08-22,175.3408966064453
2023-08-23,179.18942260742188
2023-08-24,174.5
2023-08-25,176.7062225341797
2023-08-28,178.2693328857422
2023-08-29,182.15744018554688
2023-08-30,185.6498260498047
2023-08-31,185.86749267578125
2023-09-01,187.4405517578125
2023-09-05,187.677978515625
2023-09-06,180.96038818359375
2023-09-07,175.6674041748047
2023-09-08,176.28077697753906
2023-09-11,177.4481964111328
2023-09-12,174.42080688476562
2023-09-13,172.3531036376953
2023-09-14,173.86679077148438
2023-09-15,173.14454650878906
2023-09-18,176.07302856445312
2023-09-19,177.16128540039062
2023-09-20,173.6194610595703
2023-09-21,172.07608032226562
2023-09-22,172.9269256591797
2023-09-25,174.20315551757812
2023-09-26,170.12709045410156
2023-09-27,168.61338806152344
2023-09-28,168.87060546875
2023-09-29,169.3850860595703
2023-10-02,171.8979949951172
2023-10-03,170.56239318847656
2023-10-04,171.8089599609375
2023-10-05,173.045654296875
2023-10-06,175.59814453125
2023-10-09,177.0821533203125
2023-10-10,176.4885711669922
2023-10-11,177.883544921875
2023-10-12,178.7838134765625
2023-10-13,176.94366455078125
2023-10-16,176.81500244140625
2023-10-17,175.26174926757812
2023-10-18,173.96571350097656
2023-10-19,173.5897979736328
2023-10-20,171.03724670410156
2023-10-23,171.15599060058594
2023-10-24,171.59130859375
2023-10-25,169.2762451171875
2023-10-26,165.11111450195312
2023-10-27,166.4269561767578
2023-10-30,168.47486877441406
2023-10-31,168.94976806640625
2023-11-01,172.1156463623047
2023-11-02,175.67727661132812
2023-11-03,174.76707458496094
2023-11-06,177.31959533691406
2023-11-07,179.8820037841797
2023-11-08,180.94056701660156
2023-11-09,180.46568298339844
2023-11-10,184.65609741210938
2023-11-13,183.07107543945312
2023-11-14,185.6864013671875
2023-11-15,186.2510528564453
2023-11-16,187.9351348876953
2023-11-17,187.91534423828125
2023-11-20,189.65887451171875
2023-11-21,188.8564453125
2023-11-22,189.52015686035156
2023-11-24,188.19271850585938
2023-11-27,188.01438903808594
2023-11-28,188.61866760253906
2023-11-29,187.5983123779297
2023-11-30,188.1728973388672
2023-12-01,189.45083618164062
2023-12-04,187.65777587890625
2023-12-05,191.61045837402344
2023-12-06,190.52073669433594
2023-12-07,192.45248413085938
2023-12-08,193.87901306152344
2023-12-11,191.3726806640625
2023-12-12,192.8883819580078
2023-12-13,196.1079559326172
2023-12-14,196.25656127929688
2023-12-15,195.7216339111328
2023-12-18,194.05734252929688
2023-12-19,195.0974884033203
2023-12-20,193.00726318359375
2023-12-21,192.858642578125
2023-12-22,191.78875732421875
2023-12-26,191.24391174316406
2023-12-27,191.3429718017578
2023-12-28,191.7689666748047
2023-12-29,190.728759765625
2024-01-02,183.90325927734375
2024-01-03,182.5262451171875
2024-01-04,180.2081298828125
2024-01-05,179.4849395751953
2024-01-08,183.823974609375
2024-01-09,183.4079132080078
2024-01-10,184.44808959960938
2024-01-11,183.8536834716797
2024-01-12,184.18060302734375
2024-01-16,181.91204833984375
2024-01-17,180.97093200683594
2024-01-18,186.86524963378906
2024-01-19,189.76783752441406
2024-01-22,192.07601928710938
2024-01-23,193.35398864746094
2024-01-24,192.68032836914062
2024-01-25,192.35342407226562
2024-01-26,190.61978149414062
2024-01-29,189.9362335205078
2024-01-30,186.28079223632812
2024-01-31,182.67483520507812
2024-02-01,185.11181640625
2024-02-02,184.11126708984375
2024-02-05,185.92413330078125
2024-02-06,187.5289764404297
2024-02-07,187.637939453125
2024-02-08,186.5581817626953
2024-02-09,187.32192993164062
2024-02-12,185.63568115234375
2024-02-13,183.54273986816406
2024-02-14,182.65994262695312
2024-02-15,182.37229919433594
2024-02-16,180.83485412597656
2024-02-20,180.09088134765625
2024-02-21,180.8447723388672
2024-02-22,182.87818908691406
2024-02-23,181.0431365966797
2024-02-26,179.6941375732422
2024-02-27,181.15223693847656
2024-02-28,179.95205688476562
2024-02-29,179.28749084472656
2024-03-01,178.206298828125
2024-03-04,173.6831817626953
2024-03-05,168.74346923828125
2024-03-06,167.75155639648438
2024-03-07,167.63253784179688
2024-03-08,169.34852600097656
2024-03-11,171.35218811035156
2024-03-12,171.82830810546875
2024-03-13,169.74533081054688
2024-03-14,171.6001434326172
2024-03-15,171.22325134277344
2024-03-18,172.31436157226562
2024-03-19,174.6552276611328
2024-03-20,177.22430419921875
2024-03-21,169.9833526611328
2024-03-22,170.88601684570312
2024-03-25,169.4675750732422
2024-03-26,168.3367919921875
2024-03-27,171.90768432617188
2024-03-28,170.0924530029297
2024-04-01,168.65420532226562
2024-04-02,167.4738311767578
2024-04-03,168.2772674560547
2024-04-04,167.45401000976562
2024-04-05,168.20785522460938
2024-04-08,167.0869903564453
2024-04-09,168.29710388183594
2024-04-10,166.4224090576172
2024-04-11,173.62367248535156
2024-04-12,175.12144470214844
2024-04-15,171.29269409179688
2024-04-16,168.00946044921875
2024-04-17,166.640625
2024-04-18,165.6884002685547
2024-04-19,163.66488647460938
2024-04-22,164.4980926513672
2024-04-23,165.54953002929688
2024-04-24,167.6523895263672
2024-04-25,168.5153350830078
2024-04-26,167.9300994873047
2024-04-29,172.09613037109375
2024-04-30,168.95176696777344
2024-05-01,167.9300994873047
2024-05-02,171.6299285888672
2024-05-03,181.89617919921875
2024-05-06,180.2397003173828
2024-05-07,180.92410278320312
2024-05-08,181.2613525390625
2024-05-09,183.07656860351562
2024-05-10,181.8151397705078
2024-05-13,185.0233154296875
2024-05-14,186.16555786132812
2024-05-15,188.44012451171875
2024-05-16,188.559326171875
2024-05-17,188.589111328125
2024-05-20,189.751220703125
2024-05-21,191.05238342285156
2024-05-22,189.61215209960938
2024-05-23,185.6193084716797
2024-05-24,188.69837951660156
2024-05-28,188.7082977294922
2024-05-29,189.00628662109375
2024-05-30,189.99954223632812
2024-05-31,190.95306396484375
2024-06-03,192.72103881835938
2024-06-04,193.03887939453125
2024-06-05,194.5486297607422
2024-06-06,193.16802978515625
2024-06-07,195.56175231933594
2024-06-10,191.81716918945312
2024-06-11,205.75253295898438
2024-06-12,211.63262939453125
2024-06-13,212.79473876953125
2024-06-14,211.0565185546875
2024-06-17,215.2083282470703
2024-06-18,212.8443603515625
2024-06-20,208.26547241210938
2024-06-21,206.09027099609375
2024-06-24,206.73587036132812
2024-06-25,207.65957641601562
2024-06-26,211.8114013671875
2024-06-27,212.6556854248047
2024-06-28,209.19912719726562
2024-07-01,215.2877960205078
2024-07-02,218.78404235839844
2024-07-03,220.05540466308594
2024-07-05,224.81307983398438
2024-07-08,226.28311157226562
2024-07-09,227.13729858398438
2024-07-10,231.40830993652344
2024-07-11,226.03480529785156
2024-07-12,228.98475646972656
2024-07-15,232.81871032714844
2024-07-16,233.23587036132812
2024-07-17,227.33595275878906
2024-07-18,222.66766357421875
2024-07-19,222.79676818847656
2024-07-22,222.44915771484375
2024-07-23,223.49203491210938
2024-07-24,217.06570434570312
2024-07-25,216.02279663085938
2024-07-26,216.48960876464844
2024-07-29,216.7677459716797
2024-07-30,217.32394409179688
2024-07-31,220.58181762695312
2024-08-01,216.8869171142578
2024-08-02,218.37680053710938
2024-08-05,207.85824584960938
2024-08-06,205.83200073242188
2024-08-07,208.404541015625
2024-08-08,211.8709716796875
2024-08-09,214.78123474121094
2024-08-12,216.3126220703125
2024-08-13,220.03167724609375
2024-08-14,220.47915649414062
2024-08-15,223.4623565673828
2024-08-16,224.78492736816406
2024-08-19,224.62582397460938
2024-08-20,225.24234008789062
2024-08-21,225.13296508789062
2024-08-22,223.27342224121094
2024-08-23,225.5704803466797
2024-08-26,225.90859985351562
2024-08-27,226.7538299560547
2024-08-28,225.2224578857422
2024-08-29,228.5039825439453
2024-08-30,227.7184295654297
2024-09-03,221.52328491210938
2024-09-04,219.61404418945312
2024-09-05,221.13546752929688
2024-09-06,219.58419799804688
2024-09-09,219.67369079589844
2024-09-10,218.878173828125
2024-09-11,221.41390991210938
2024-09-12,221.52328491210938
2024-09-13,221.2548065185547
2024-09-16,215.10939025878906
2024-09-17,215.5767364501953
2024-09-18,219.45492553710938
2024-09-19,227.58912658691406
2024-09-20,226.9228973388672
2024-09-23,225.2025909423828
2024-09-24,226.0975341796875
2024-09-25,225.10311889648438
2024-09-26,226.24668884277344
2024-09-27,226.5151824951172
2024-09-30,231.69602966308594
2024-10-01,224.94403076171875
2024-10-02,225.51083374023438
2024-10-03,224.4070281982422
2024-10-04,225.53073120117188
2024-10-07,220.4493408203125
2024-10-08,224.50650024414062
2024-10-09,228.25540161132812
2024-10-10,227.75819396972656
2024-10-11,226.2765350341797
2024-10-14,230.00555419921875
2024-10-15,232.54127502441406
2024-10-16,230.48284912109375
2024-10-17,230.8507843017578
2024-10-18,233.68482971191406
2024-10-21,235.15655517578125
2024-10-22,234.5400390625
2024-10-23,229.46856689453125
2024-10-24,229.27963256835938
2024-10-25,230.11492919921875
2024-10-28,232.0937957763672
2024-10-29,232.36228942871094
2024-10-30,228.812255859375
2024-10-31,224.6457061767578
2024-11-01,221.66249084472656
2024-11-04,220.7675323486328
2024-11-05,222.19947814941406
2024-11-06,221.4735565185547
2024-11-07,226.2069091796875
2024-11-08,225.93814086914062
2024-11-11,223.22042846679688
2024-11-12,223.22042846679688
2024-11-13,224.1063995361328
2024-11-14,227.1924591064453
2024-11-15,223.98695373535156
2024-11-18,226.99334716796875
2024-11-19,227.252197265625
2024-11-20,227.9689483642578
2024-11-21,227.49110412597656
2024-11-22,228.83502197265625
2024-11-25,231.82151794433594
2024-11-26,234.0016632080078
2024-11-27,233.8722381591797
2024-11-29,236.2614288330078
2024-12-02,238.51126098632812
2024-12-03,241.5574951171875
2024-12-04,241.91587829589844
2024-12-05,241.9457244873047
2024-12-06,241.7466278076172
2024-12-09,245.63902282714844
2024-12-10,246.65444946289062
2024-12-11,245.38021850585938
2024-12-12,246.84359741210938
2024-12-13,247.0128173828125
2024-12-16,249.9097137451172
2024-12-17,252.33872985839844
2024-12-18,246.9331817626953
2024-12-19,248.66534423828125
2024-12-20,253.34420776367188
2024-12-23,254.12069702148438
2024-12-24,257.0375061035156
2024-12-26,257.853759765625
2024-12-27,254.43922424316406
2024-12-30,251.06448364257812
2022-01-03,
2022-01-04,
2022-01-05,
2022-01-06,
2022-01-07,
2022-01-10,
2022-01-11,
2022-01-12,
2022-01-13,
2022-01-14,
2022-01-18,
2022-01-19,
2022-01-20,
2022-01-21,
2022-01-24,
2022-01-25,
2022-01-26,
2022-01-27,
2022-01-28,
2022-01-31,
2022-02-01,
2022-02-02,
2022-02-03,
2022-02-04,
2022-02-07,
2022-02-08,
2022-02-09,
2022-02-10,
2022-02-11,
2022-02-14,
2022-02-15,
2022-02-16,
2022-02-17,
2022-02-18,
2022-02-22,
2022-02-23,
2022-02-24,
2022-02-25,
2022-02-28,
2022-03-01,
2022-03-02,
2022-03-03,
2022-03-04,
2022-03-07,
2022-03-08,
2022-03-09,
2022-03-10,
2022-03-11,
2022-03-14,
2022-03-15,
2022-03-16,
2022-03-17,
2022-03-18,
2022-03-21,
2022-03-22,
2022-03-23,
2022-03-24,
2022-03-25,
2022-03-28,
2022-03-29,
2022-03-30,
2022-03-31,
2022-04-01,
2022-04-04,
2022-04-05,
2022-04-06,
2022-04-07,
2022-04-08,
2022-04-11,
2022-04-12,
2022-04-13,
2022-04-14,
2022-04-18,
2022-04-19,
2022-04-20,
2022-04-21,
2022-04-22,
2022-04-25,
2022-04-26,
2022-04-27,
2022-04-28,
2022-04-29,
2022-05-02,
2022-05-03,
2022-05-04,
2022-05-05,
2022-05-06,
2022-05-09,
2022-05-10,
2022-05-11,
2022-05-12,
2022-05-13,
2022-05-16,
2022-05-17,
2022-05-18,
2022-05-19,
2022-05-20,
2022-05-23,
2022-05-24,
2022-05-25,
2022-05-26,
2022-05-27,
2022-05-31,
2022-06-01,
2022-06-02,
2022-06-03,
2022-06-06,
2022-06-07,
2022-06-08,
2022-06-09,
2022-06-10,
2022-06-13,
2022-06-14,
2022-06-15,
2022-06-16,
2022-06-17,
2022-06-21,
2022-06-22,
2022-06-23,
2022-06-24,
2022-06-27,
2022-06-28,
2022-06-29,
2022-06-30,
2022-07-01,
2022-07-05,
2022-07-06,
2022-07-07,
2022-07-08,
2022-07-11,
2022-07-12,
2022-07-13,
2022-07-14,
2022-07-15,
2022-07-18,
2022-07-19,
2022-07-20,
2022-07-21,
2022-07-22,
2022-07-25,
2022-07-26,
2022-07-27,
2022-07-28,
2022-07-29,
2022-08-01,
2022-08-02,
2022-08-03,
2022-08-04,
2022-08-05,
2022-08-08,
2022-08-09,
2022-08-10,
2022-08-11,
2022-08-12,
2022-08-15,
2022-08-16,
2022-08-17,
2022-08-18,
2022-08-19,
2022-08-22,
2022-08-23,
2022-08-24,
2022-08-25,
2022-08-26,
2022-08-29,
2022-08-30,
2022-08-31,
2022-09-01,
2022-09-02,
2022-09-06,
2022-09-07,
2022-09-08,
2022-09-09,
2022-09-12,
2022-09-13,
2022-09-14,
2022-09-15,
2022-09-16,
2022-09-19,
2022-09-20,
2022-09-21,
2022-09-22,
2022-09-23,
2022-09-26,
2022-09-27,
2022-09-28,
2022-09-29,
2022-09-30,
2022-10-03,
2022-10-04,
2022-10-05,
2022-10-06,
2022-10-07,
2022-10-10,
2022-10-11,
2022-10-12,
2022-10-13,
2022-10-14,
2022-10-17,
2022-10-18,
2022-10-19,
2022-10-20,
2022-10-21,
2022-10-24,
2022-10-25,
2022-10-26,
2022-10-27,
2022-10-28,
2022-10-31,
2022-11-01,
2022-11-02,
2022-11-03,
2022-11-04,
2022-11-07,
2022-11-08,
2022-11-09,
2022-11-10,
2022-11-11,
2022-11-14,
2022-11-15,
2022-11-16,
2022-11-17,
2022-11-18,
2022-11-21,
2022-11-22,
2022-11-23,
2022-11-25,
2022-11-28,
2022-11-29,
2022-11-30,
2022-12-01,
2022-12-02,
2022-12-05,
2022-12-06,
2022-12-07,
2022-12-08,
2022-12-09,
2022-12-12,
2022-12-13,
2022-12-14,
2022-12-15,
2022-12-16,
2022-12-19,
2022-12-20,
2022-12-21,
2022-12-22,
2022-12-23,
2022-12-27,
2022-12-28,
2022-12-29,
2022-12-30,
2023-01-03,
2023-01-04,
2023-01-05,
2023-01-06,
2023-01-09,
2023-01-10,
2023-01-11,
2023-01-12,
2023-01-13,
2023-01-17,
2023-01-18,
2023-01-19,
2023-01-20,
2023-01-23,
2023-01-24,
2023-01-25,
2023-01-26,
2023-01-27,
2023-01-30,
2023-01-31,
2023-02-01,
2023-02-02,
2023-02-03,
2023-02-06,
2023-02-07,
2023-02-08,
2023-02-09,
2023-02-10,
2023-02-13,
2023-02-14,
2023-02-15,
2023-02-16,
2023-02-17,
2023-02-21,
2023-02-22,
2023-02-23,
2023-02-24,
2023-02-27,
2023-02-28,
2023-03-01,
2023-03-02,
2023-03-03,
2023-03-06,
2023-03-07,
2023-03-08,
2023-03-09,
2023-03-10,
2023-03-13,
2023-03-14,
2023-03-15,
2023-03-16,
2023-03-17,
2023-03-20,
2023-03-21,
2023-03-22,
2023-03-23,
2023-03-24,
2023-03-27,
2023-03-28,
2023-03-29,
2023-03-30,
2023-03-31,
2023-04-03,
2023-04-04,
2023-04-05,
2023-04-06,
2023-04-10,
2023-04-11,
2023-04-12,
2023-04-13,
2023-04-14,
2023-04-17,
2023-04-18,
2023-04-19,
2023-04-20,
2023-04-21,
2023-04-24,
2023-04-25,
2023-04-26,
2023-04-27,
2023-04-28,
2023-05-01,
2023-05-02,
2023-05-03,
2023-05-04,
2023-05-05,
2023-05-08,
2023-05-09,
2023-05-10,
2023-05-11,
2023-05-12,
2023-05-15,
2023-05-16,
2023-05-17,
2023-05-18,
2023-05-19,
2023-05-22,
2023-05-23,
2023-05-24,
2023-05-25,
2023-05-26,
2023-05-30,
2023-05-31,
2023-06-01,
2023-06-02,
2023-06-05,
2023-06-06,
2023-06-07,
2023-06-08,
2023-06-09,
2023-06-12,
2023-06-13,
2023-06-14,
2023-06-15,
2023-06-16,
2023-06-20,
2023-06-21,
2023-06-22,
2023-06-23,
2023-06-26,
2023-06-27,
2023-06-28,
2023-06-29,
2023-06-30,
2023-07-03,
2023-07-05,
2023-07-06,
2023-07-07,
2023-07-10,
2023-07-11,
2023-07-12,
2023-07-13,
2023-07-14,
2023-07-17,
2023-07-18,
2023-07-19,
2023-07-20,
2023-07-21,
2023-07-24,
2023-07-25,
2023-07-26,
2023-07-27,
2023-07-28,
2023-07-31,
2023-08-01,
2023-08-02,
2023-08-03,
2023-08-04,
2023-08-07,
2023-08-08,
2023-08-09,
2023-08-10,
2023-08-11,
2023-08-14,
2023-08-15,
2023-08-16,
2023-08-17,
2023-08-18,
2023-08-21,
2023-08-22,
2023-08-23,
2023-08-24,
2023-08-25,
2023-08-28,
2023-08-29,
2023-08-30,
2023-08-31,
2023-09-01,
2023-09-05,
2023-09-06,
2023-09-07,
2023-09-08,
2023-09-11,
2023-09-12,
2023-09-13,
2023-09-14,
2023-09-15,
2023-09-18,
2023-09-19,
2023-09-20,
2023-09-21,
2023-09-22,
2023-09-25,
2023-09-26,
2023-09-27,
2023-09-28,
2023-09-29,
2023-10-02,
2023-10-03,
2023-10-04,
2023-10-05,
2023-10-06,
2023-10-09,
2023-10-10,
2023-10-11,
2023-10-12,
2023-10-13,
2023-10-16,
2023-10-17,
2023-10-18,
2023-10-19,
2023-10-20,
2023-10-23,
2023-10-24,
2023-10-25,
2023-10-26,
2023-10-27,
2023-10-30,
2023-10-31,
2023-11-01,
2023-11-02,
2023-11-03,
2023-11-06,
2023-11-07,
2023-11-08,
2023-11-09,
2023-11-10,
2023-11-13,
2023-11-14,
2023-11-15,
2023-11-16,
2023-11-17,
2023-11-20,
2023-11-21,
2023-11-22,
2023-11-24,
2023-11-27,
2023-11-28,
2023-11-29,
2023-11-30,
2023-12-01,
2023-12-04,
2023-12-05,
2023-12-06,
2023-12-07,
2023-12-08,
2023-12-11,
2023-12-12,
2023-12-13,
2023-12-14,
2023-12-15,
2023-12-18,
2023-12-19,
2023-12-20,
2023-12-21,
2023-12-22,
2023-12-26,
2023-12-27,
2023-12-28,
2023-12-29,
2024-01-02,
2024-01-03,
2024-01-04,
2024-01-05,
2024-01-08,
2024-01-09,
2024-01-10,
2024-01-11,
2024-01-12,
2024-01-16,
2024-01-17,
2024-01-18,
2024-01-19,
2024-01-22,
2024-01-23,
2024-01-24,
2024-01-25,
2024-01-26,
2024-01-29,
2024-01-30,
2024-01-31,
2024-02-01,
2024-02-02,
2024-02-05,
2024-02-06,
2024-02-07,
2024-02-08,
2024-02-09,
2024-02-12,
2024-02-13,
2024-02-14,
2024-02-15,
2024-02-16,
2024-02-20,
2024-02-21,
2024-02-22,
2024-02-23,
2024-02-26,
2024-02-27,
2024-02-28,
2024-02-29,
2024-03-01,
2024-03-04,
2024-03-05,
2024-03-06,
2024-03-07,
2024-03-08,
2024-03-11,
2024-03-12,
2024-03-13,
2024-03-14,
2024-03-15,
2024-03-18,
2024-03-19,
2024-03-20,
2024-03-21,
2024-03-22,
2024-03-25,
2024-03-26,
2024-03-27,
2024-03-28,
2024-04-01,
2024-04-02,
2024-04-03,
2024-04-04,
2024-04-05,
2024-04-08,
2024-04-09,
2024-04-10,
2024-04-11,
2024-04-12,
2024-04-15,
2024-04-16,
2024-04-17,
2024-04-18,
2024-04-19,
2024-04-22,
2024-04-23,
2024-04-24,
2024-04-25,
2024-04-26,
2024-04-29,
2024-04-30,
2024-05-01,
2024-05-02,
2024-05-03,
2024-05-06,
2024-05-07,
2024-05-08,
2024-05-09,
2024-05-10,
2024-05-13,
2024-05-14,
2024-05-15,
2024-05-16,
2024-05-17,
2024-05-20,
2024-05-21,
2024-05-22,
2024-05-23,
2024-05-24,
2024-05-28,
2024-05-29,
2024-05-30,
2024-05-31,
2024-06-03,
2024-06-04,
2024-06-05,
2024-06-06,
2024-06-07,
2024-06-10,
2024-06-11,
2024-06-12,
2024-06-13,
2024-06-14,
2024-06-17,
2024-06-18,
2024-06-20,
2024-06-21,
2024-06-24,
2024-06-25,
2024-06-26,
2024-06-27,
2024-06-28,
2024-07-01,
2024-07-02,
2024-07-03,
2024-07-05,
2024-07-08,
2024-07-09,
2024-07-10,
2024-07-11,
2024-07-12,
2024-07-15,
2024-07-16,
2024-07-17,
2024-07-18,
2024-07-19,
2024-07-22,
2024-07-23,
2024-07-24,
2024-07-25,
2024-07-26,
2024-07-29,
2024-07-30,
2024-07-31,
2024-08-01,
2024-08-02,
2024-08-05,
2024-08-06,
2024-08-07,
2024-08-08,
2024-08-09,
2024-08-12,
2024-08-13,
2024-08-14,
2024-08-15,
2024-08-16,
2024-08-19,
2024-08-20,
2024-08-21,
2024-08-22,
2024-08-23,
2024-08-26,
2024-08-27,
2024-08-28,
2024-08-29,
2024-08-30,
2024-09-03,
2024-09-04,
2024-09-05,
2024-09-06,
2024-09-09,
2024-09-10,
2024-09-11,
2024-09-12,
2024-09-13,
2024-09-16,
2024-09-17,
2024-09-18,
2024-09-19,
2024-09-20,
2024-09-23,
2024-09-24,
2024-09-25,
2024-09-26,
2024-09-27,
2024-09-30,
2024-10-01,
2024-10-02,
2024-10-03,
2024-10-04,
2024-10-07,
2024-10-08,
2024-10-09,
2024-10-10,
2024-10-11,
2024-10-14,
2024-10-15,
2024-10-16,
2024-10-17,
2024-10-18,
2024-10-21,
2024-10-22,
2024-10-23,
2024-10-24,
2024-10-25,
2024-10-28,
2024-10-29,
2024-10-30,
2024-10-31,
2024-11-01,
2024-11-04,
2024-11-05,
2024-11-06,
2024-11-07,
2024-11-08,
2024-11-11,
2024-11-12,
2024-11-13,
2024-11-14,
2024-11-15,
2024-11-18,
2024-11-19,
2024-11-20,
2024-11-21,
2024-11-22,
2024-11-25,
2024-11-26,
2024-11-27,
2024-11-29,
2024-12-02,
2024-12-03,
2024-12-04,
2024-12-05,
2024-12-06,
2024-12-09,
2024-12-10,
2024-12-11,
2024-12-12,
2024-12-13,
2024-12-16,
2024-12-17,
2024-12-18,
2024-12-19,
2024-12-20,
2024-12-23,
2024-12-24,
2024-12-26,
2024-12-27,
2024-12-30,
