Date,Symbol,Close,High,Low,Open,Volume,SMA_14,RSI
2024-08-19,BTC-USD,59438.5,59617.63,57787.3,58427.35,22809.31251,,
2024-08-20,BTC-USD,59013.8,61400.0,58548.23,59438.5,31477.44548,,
2024-08-21,BTC-USD,61156.03,61820.93,58783.47,59013.8,27983.6422,,
2024-08-22,BTC-USD,60375.84,61400.0,59724.87,61156.03,21241.20588,,
2024-08-23,BTC-USD,64037.24,64955.0,60342.14,60375.83,38118.07089,,
2024-08-24,BTC-USD,64157.01,64494.5,63531.0,64037.24,15857.15616,,
2024-08-25,BTC-USD,64220.0,65000.0,63773.27,64157.02,12305.47977,,
2024-08-26,BTC-USD,62834.0,64481.0,62800.0,64219.99,19470.05276,,
2024-08-27,BTC-USD,59415.0,63212.0,58034.01,62834.0,35135.94178,,
2024-08-28,BTC-USD,59034.9,60234.98,57860.0,59415.0,36868.54275,,
2024-08-29,BTC-USD,59359.01,61166.99,58713.09,59034.9,27020.90743,,
2024-08-30,BTC-USD,59123.99,59944.07,57701.1,59359.0,28519.32195,,
2024-08-31,BTC-USD,58973.99,59462.38,58744.0,59123.99,8798.409,,
2024-09-01,BTC-USD,57301.86,59076.59,57201.0,58974.0,20705.15741,60602.940714285716,42.76090214966621
2024-09-02,BTC-USD,59132.13,59425.69,57128.0,57301.77,22895.01461,60581.05714285715,49.07652621698574
2024-09-03,BTC-USD,57487.73,59809.65,57415.0,59132.12,22828.18447,60472.052142857145,45.715118424089475
2024-09-04,BTC-USD,57970.9,58519.0,55606.0,57487.74,35560.82146,60244.542857142864,40.13803096872475
2024-09-05,BTC-USD,56180.0,58327.07,55643.65,57970.9,27806.91413,59944.840000000004,37.773831738664725
2024-09-06,BTC-USD,53962.97,57008.0,52550.0,56180.0,54447.76826,59225.249285714286,17.946737139108194
2024-09-07,BTC-USD,54160.86,54850.0,53745.54,53962.97,16694.04774,58511.23857142857,18.352612959784068
2024-09-08,BTC-USD,54869.95,55318.0,53629.01,54160.86,16274.14779,57843.37785714285,21.561568722394313
2024-09-09,BTC-USD,57042.0,58088.0,54591.96,54869.95,32384.51737,57429.663571428566,33.187384035910256
2024-09-10,BTC-USD,57635.99,58044.36,56386.4,57042.01,23626.78126,57302.591428571424,43.82294628875393
2024-09-11,BTC-USD,57338.0,57981.71,55545.19,57635.99,33026.56757,57181.38428571429,44.07425876726143
2024-09-12,BTC-USD,58132.32,58588.0,57324.0,57338.0,31074.40631,57093.76357142858,45.8524842357953
2024-09-13,BTC-USD,60498.0,60625.0,57632.62,58132.31,29825.23333,57191.90714285715,54.0605748242647
2024-09-14,BTC-USD,59993.03,60610.45,59400.0,60497.99,12137.90901,57264.69571428571,52.949655780866834
2024-09-15,BTC-USD,59132.0,60395.8,58691.05,59993.02,13757.92361,57395.42,55.5584172296538
2024-09-16,BTC-USD,58213.99,59210.7,57493.3,59132.0,26477.5642,57329.83857142857,47.04788007089153
2024-09-17,BTC-USD,60313.99,61320.0,57610.01,58213.99,33116.25878,57531.71428571428,58.82868552778561
2024-09-18,BTC-USD,61759.99,61786.24,59174.8,60313.99,36087.02469,57802.36357142857,61.164774485162596
2024-09-19,BTC-USD,62947.99,63850.0,61555.0,61759.98,34332.52608,58285.79142857143,70.67691959880362
2024-09-20,BTC-USD,63201.05,64133.32,62350.0,62948.0,25466.37794,58945.65428571428,82.07203403952762
2024-09-21,BTC-USD,63348.96,63559.9,62758.0,63201.05,8375.34608,59601.94714285714,82.0096013823761
2024-09-22,BTC-USD,63578.76,64000.0,62357.93,63348.97,14242.19892,60224.005000000005,81.38805332156932
2024-09-23,BTC-USD,63339.99,64745.88,62538.75,63578.76,24078.05287,60673.861428571436,76.3745306557293
2024-09-24,BTC-USD,64262.7,64688.0,62700.0,63339.99,23185.04759,61147.197857142855,77.00756016546775
2024-09-25,BTC-USD,63152.01,64817.99,62947.08,64262.7,17813.11168,61562.48428571429,72.22319479854292
2024-09-26,BTC-USD,65173.99,65839.0,62670.0,63152.01,28373.30593,62065.46071428571,74.60640830940251
2024-09-27,BTC-USD,65769.95,66498.0,64819.9,65173.99,22048.80487,62442.028571428564,71.02239512428929
2024-09-28,BTC-USD,65858.0,66260.0,65422.23,65769.95,9127.23316,62860.954999999994,74.19148867717047
2024-09-29,BTC-USD,65602.01,66076.12,65432.0,65858.0,8337.74111,63323.09857142856,78.0891261820641
2024-09-30,BTC-USD,63327.59,65618.8,62856.3,65602.01,30011.08752,63688.35571428571,69.86120152190495
2024-10-01,BTC-USD,60805.78,64130.63,60164.0,63327.6,43671.48108,63723.483571428565,51.84950903148893
2024-10-02,BTC-USD,60649.28,62390.31,60000.0,60804.92,31534.70118,63644.14714285714,45.374219638253656
2024-10-03,BTC-USD,60752.71,61477.19,59828.11,60649.27,26221.43472,63487.341428571424,39.949345669109654
2024-10-04,BTC-USD,62086.0,62484.85,60459.9,60752.72,21294.65994,63407.695,45.35446547085275
2024-10-05,BTC-USD,62058.0,62370.56,61689.26,62086.0,7807.46141,63315.483571428565,44.56730688302726
2024-10-06,BTC-USD,62819.91,62975.0,61798.97,62058.01,8906.86177,63261.27999999999,46.9434511270382
2024-10-07,BTC-USD,62224.0,64478.19,62128.0,62819.91,25966.1852,63181.56642857142,45.63064526864334
2024-10-08,BTC-USD,62160.49,63200.0,61860.31,62224.01,19702.22371,63031.40857142857,41.17567550550102
2024-10-09,BTC-USD,60636.02,62543.75,60301.0,62160.5,20011.15684,62851.695,39.79333448544164
2024-10-10,BTC-USD,60326.39,61321.68,58946.0,60636.01,23967.92481,62505.43785714286,27.16171293748731
2024-10-11,BTC-USD,62540.0,63417.56,60087.64,60326.4,23641.35209,62274.72714285714,36.795543610947384
2024-10-12,BTC-USD,63206.22,63480.0,62487.23,62539.99,10911.30116,62085.31428571428,39.64852014646296
2024-10-13,BTC-USD,62870.02,63285.72,62050.0,63206.23,11909.21995,61890.17214285715,39.40178029018747
2024-10-14,BTC-USD,66083.99,66500.0,62457.81,62870.02,37669.95222,62087.057857142856,59.96640262183932
2024-10-15,BTC-USD,67074.14,67950.0,64800.01,66084.0,43683.95423,62534.79785714286,75.48776917572047
2024-10-16,BTC-USD,67620.01,68424.0,66750.49,67074.14,29938.25544,63032.70714285714,77.47373714840644
2024-10-17,BTC-USD,67421.78,67939.4,66666.0,67620.0,25328.22861,63509.06928571429,76.08984294619265
2024-10-18,BTC-USD,68428.0,69000.0,67192.36,67421.78,28725.635,63962.06928571429,75.46190350010838
2024-10-19,BTC-USD,68378.0,68693.26,68010.0,68427.99,8193.66737,64413.497857142866,75.32883399193643
2024-10-20,BTC-USD,69031.99,69400.0,68100.0,68377.99,12442.47378,64857.21785714286,75.11355936862768
2024-10-21,BTC-USD,67377.5,69519.52,66840.67,69032.0,31374.42184,65225.325000000004,69.19143846227178
2024-10-22,BTC-USD,67426.0,67836.01,66571.42,67377.5,24598.96268,65601.43285714286,69.63050504975189
2024-10-23,BTC-USD,66668.65,67472.83,65260.0,67426.01,25530.2407,66032.33499999999,73.8548910468878
2024-10-24,BTC-USD,68198.28,68850.0,66510.0,66668.65,22589.83877,66594.61285714286,78.38879780849263
2024-10-25,BTC-USD,66698.33,68771.49,65596.29,68198.27,34479.71125,66891.63642857144,65.81021491517225
2024-10-26,BTC-USD,67092.76,67454.55,66439.9,66698.32,11842.9077,67169.24642857142,65.08869491217469
2024-10-27,BTC-USD,68021.7,68332.05,66913.73,67092.76,8653.19592,67537.22357142858,69.12034988850718
2024-10-28,BTC-USD,69962.21,70270.0,67618.0,68021.69,29046.75459,67814.23928571428,65.89661148393294
2024-10-29,BTC-USD,72736.42,73620.12,69760.0,69962.21,50128.60594,68218.68785714285,70.24799890146984
2024-10-30,BTC-USD,72344.74,72961.0,71436.0,72736.41,26885.99056,68556.16857142857,67.0837633143455
2024-10-31,BTC-USD,70292.01,72700.0,69685.76,72344.75,29352.10297,68761.185,59.150984241801254
2024-11-01,BTC-USD,69496.01,71632.95,68820.14,70292.01,38301.86755,68837.47142857143,53.45133692811914
2024-11-02,BTC-USD,69374.74,69914.37,69000.14,69496.0,10521.67243,68908.66714285714,53.20625488944705
2024-11-03,BTC-USD,68775.99,69391.0,67478.73,69374.74,24995.70243,68890.38142857143,49.173577196928804
2024-11-04,BTC-USD,67850.01,69500.0,66835.0,68775.99,29800.39187,68924.13214285714,51.60065122260063
2024-11-05,BTC-USD,69372.01,70577.91,67476.63,67850.01,33355.06888,69063.13285714286,55.99383494430934
2024-11-06,BTC-USD,75571.99,76400.0,69298.0,69372.01,104126.994787,69699.08571428571,70.53726553626444
2024-11-07,BTC-USD,75857.89,76849.99,74416.0,75571.99,44869.422345,70246.20071428572,68.74384859680711
2024-11-08,BTC-USD,76509.78,77199.99,75555.0,75857.89,36521.099583,70947.01857142858,75.04931253500895
2024-11-09,BTC-USD,76677.46,76900.0,75714.66,76509.78,16942.07915,71631.64,74.7570453239878
2024-11-10,BTC-USD,80370.01,81500.0,76492.0,76677.46,61830.100435,72513.66214285714,77.9106673122033
2024-11-11,BTC-USD,88647.99,89530.54,80216.01,80370.01,82323.665776,73848.36071428572,82.82975972113877
2024-11-12,BTC-USD,87952.01,89940.0,85072.0,88648.0,97299.887911,74935.18857142856,78.83884873487366
2024-11-13,BTC-USD,90375.2,93265.64,86127.99,87952.0,86763.854127,76223.07857142857,81.73049442697908
2024-11-14,BTC-USD,87325.59,91790.0,86668.21,90375.21,56729.51086,77439.76285714285,78.96004455815203
2024-11-15,BTC-USD,91032.07,91850.0,87073.38,87325.59,47927.95068,78978.05285714286,83.31770796590513
2024-11-16,BTC-USD,90586.92,91779.66,90056.17,91032.08,22717.87689,80493.20857142856,82.49104252289604
2024-11-17,BTC-USD,89855.99,91449.99,88722.0,90587.98,23867.55609,81998.92285714285,82.1583631576217
2024-11-18,BTC-USD,90464.08,92594.0,89376.9,89855.98,46545.03448,83614.21357142857,84.83652885427394
2024-11-19,BTC-USD,92310.79,93905.51,90357.0,90464.07,43660.04682,85252.69785714286,84.98672447053453
2024-11-20,BTC-USD,94286.56,94831.97,91500.0,92310.8,42203.198712,86589.45285714287,82.7660007332469
2024-11-21,BTC-USD,98317.12,98988.0,94040.0,94286.56,69228.360477,88193.68357142857,84.76384386753125
2024-11-22,BTC-USD,98892.0,99588.01,97122.11,98317.12,46189.309243,89792.41357142858,84.72743375134517
2024-11-23,BTC-USD,97672.4,98908.85,97136.0,98892.0,24757.84367,91292.05214285714,81.54526724980373
2024-11-24,BTC-USD,97900.04,98564.0,95734.77,97672.4,31200.97838,92544.19714285714,79.40040056929003
2024-11-25,BTC-USD,93010.01,98871.8,92600.19,97900.05,50847.45096,92855.77,58.25370431060122
2024-11-26,BTC-USD,91965.16,94973.37,90791.1,93010.01,57858.73138,93142.42357142859,57.49463368428995
2024-11-27,BTC-USD,95863.11,97208.21,91792.14,91965.16,41153.42734,93534.41714285713,59.71371677891551
2024-11-28,BTC-USD,95643.98,96564.0,94640.0,95863.11,28814.54357,94128.58785714286,66.36333557192468
2024-11-29,BTC-USD,97460.0,98619.99,95364.99,95643.99,27701.78231,94587.72571428571,63.66057148054749
2024-11-30,BTC-USD,96407.99,97463.95,96092.01,97460.0,14503.83306,95003.51642857143,62.05980980493634
2024-12-01,BTC-USD,97185.18,97836.0,95693.88,96407.99,16938.60452,95527.03,65.15521022579001
2024-12-02,BTC-USD,95840.62,98130.0,94395.0,97185.17,37958.66981,95911.06857142856,60.788942444686136
2024-12-03,BTC-USD,95849.69,96305.52,93578.17,95840.61,35827.32283,96163.84714285714,57.666840271308544
2024-12-04,BTC-USD,98587.32,99000.0,94587.83,95849.69,43850.53728,96471.04428571428,59.01962659472376
2024-12-05,BTC-USD,96945.63,104088.0,90500.0,98587.32,109921.729662,96373.08071428571,46.80338892190798
2024-12-06,BTC-USD,99740.84,101898.99,95981.72,96945.63,45049.5331,96433.71214285714,51.79287597718541
2024-12-07,BTC-USD,99831.99,100439.18,98844.0,99740.84,14931.9459,96587.96857142857,54.78969470101532
2024-12-08,BTC-USD,101109.59,101351.0,98657.7,99831.99,14612.99688,96817.22214285715,56.8015973491667
2024-12-09,BTC-USD,97276.47,101215.93,94150.05,101109.6,53949.11595,97121.9692857143,59.46538120563445
2024-12-10,BTC-USD,96593.0,98270.0,94256.54,97276.48,51708.68933,97452.52928571428,60.4344375400211
2024-12-11,BTC-USD,101125.0,101888.0,95658.24,96593.0,37753.78291,97828.37857142858,61.53424945801923
2024-12-12,BTC-USD,100004.29,102540.0,99311.64,101125.0,29232.08745,98139.8292857143,59.19453191983781
2024-12-13,BTC-USD,101424.25,101895.26,99205.0,100004.29,21904.03923,98422.99,58.50136626611544
2024-12-14,BTC-USD,101420.0,102650.0,100609.41,101424.24,14191.70326,98780.99071428573,61.25403669275686
2024-12-15,BTC-USD,104463.99,105250.0,101237.14,101420.0,22228.921775,99300.9057142857,64.83388025226611
2024-12-16,BTC-USD,106058.66,107793.07,103333.0,104463.99,41302.40274,100030.7657142857,70.61375406907214
2024-12-17,BTC-USD,106133.74,108353.0,105321.49,106058.65,29064.936466,100765.34071428572,70.69181220682215
2024-12-18,BTC-USD,100204.01,106524.98,100000.0,106133.74,50307.99755,100880.81857142856,52.88255773442075
2024-12-19,BTC-USD,97461.86,102800.11,95700.0,100204.01,55147.398,100917.69214285715,50.88568164872015
2024-12-20,BTC-USD,97805.44,98233.0,92232.54,97461.86,62884.1357,100779.44928571429,46.374495812518326
2024-12-21,BTC-USD,97291.99,99540.61,96398.39,97805.44,23483.54143,100598.02071428571,45.31603141725825
2024-12-22,BTC-USD,95186.27,97448.08,94250.35,97292.0,19353.83036,100174.92642857143,39.40064161752897
2024-12-23,BTC-USD,94881.47,96538.92,92520.0,95186.28,32810.76703,100003.855,45.09493904207335
2024-12-24,BTC-USD,98663.58,99487.99,93569.02,94881.47,23674.22488,100151.75357142858,53.763021495918174
2024-12-25,BTC-USD,99429.6,99569.15,97632.02,98663.58,14474.1651,100030.65357142857,46.43016867526707
2024-12-26,BTC-USD,95791.6,99963.7,95199.14,99429.61,21192.36727,99729.74714285714,41.97995622062705
2024-12-27,BTC-USD,94299.03,97544.58,93500.01,95791.6,26501.26429,99220.80285714286,36.47253278007544
2024-12-28,BTC-USD,95300.0,95733.99,94135.66,94299.03,8385.8929,98783.66,38.80467598683489
2024-12-29,BTC-USD,93738.2,95340.0,93009.52,95300.0,13576.00578,98017.53214285713,29.254312754224756
2024-12-30,BTC-USD,92792.05,95024.5,91530.45,93738.19,27619.4225,97069.91714285714,23.679585812786485
2024-12-31,BTC-USD,93576.0,96250.0,92033.73,92792.05,19612.03389,96172.93571428572,25.76755046119409
2025-01-01,BTC-USD,94591.79,95151.15,92888.0,93576.0,10373.32613,95772.06285714287,36.63570042663115
2025-01-02,BTC-USD,96984.79,97839.5,94392.0,94591.78,21970.48948,95737.98642857143,48.84474990446974
2025-01-03,BTC-USD,98174.18,98976.91,96100.01,96984.79,15253.82936,95764.325,50.857785436862464
2025-01-04,BTC-USD,98220.5,98778.43,97514.79,98174.17,8990.05651,95830.64714285715,52.207942419574444
2025-01-05,BTC-USD,98363.61,98836.85,97276.79,98220.51,8095.63723,96057.59999999999,58.333359560805235
2025-01-06,BTC-USD,102235.6,102480.0,97920.0,98363.61,25263.43375,96582.895,66.24779010541656
2025-01-07,BTC-USD,96954.61,102724.38,96181.81,102235.6,32059.87537,96460.82571428572,46.458834523757716
2025-01-08,BTC-USD,95060.61,97268.65,92500.9,96954.6,33704.67894,96148.755,41.35128511606012
2025-01-09,BTC-USD,92552.49,95382.32,91203.67,95060.61,34544.83685,95917.39,43.2876950781556
2025-01-10,BTC-USD,94726.11,95836.0,92206.02,92552.49,31482.86424,95947.89571428571,50.860729084371926
2025-01-11,BTC-USD,94599.99,95050.94,93831.73,94726.1,7047.9043,95897.895,48.53764568496744
2025-01-12,BTC-USD,94545.06,95450.1,93711.19,94599.99,8606.86622,95955.52785714286,51.79882001901238
2025-01-13,BTC-USD,94536.1,95940.0,89256.69,94545.07,42619.56423,96080.10285714285,54.05776283149274
2025-01-14,BTC-USD,96560.86,97371.0,94346.22,94536.11,27846.61753,96293.30714285714,56.565586355257786
2025-01-15,BTC-USD,100497.35,100681.94,96500.0,96560.85,30509.99179,96715.13285714285,61.51100507566723
2025-01-16,BTC-USD,99987.3,100866.66,97335.13,100497.35,27832.85317,96929.59785714284,56.31606072653916
2025-01-17,BTC-USD,104077.48,105865.22,99950.77,99987.3,39171.85292,97351.26214285714,61.067453478937104
2025-01-18,BTC-USD,104556.23,104988.88,102277.55,104077.47,24307.82998,97803.81428571428,61.68864592261772
2025-01-19,BTC-USD,101331.57,106422.43,99651.6,104556.23,43397.28298,98015.81142857144,54.91650769523339
2025-01-20,BTC-USD,102260.01,109588.0,99550.0,101331.57,89529.231732,98017.55500000001,50.04480531804798
2025-01-21,BTC-USD,106143.82,107240.81,100119.04,102260.0,45941.02002,98673.92714285714,67.77899066242207
2025-01-22,BTC-USD,103706.66,106394.46,103339.12,106143.82,22248.69254,99291.50214285715,66.38375202048054
2025-01-23,BTC-USD,103910.34,106850.0,101262.28,103706.66,53953.12031,100102.77714285716,73.581998877982
2025-01-24,BTC-USD,104870.5,107120.0,102750.0,103910.35,23609.24017,100827.37642857143,72.18017198592804
2025-01-25,BTC-USD,104746.85,105286.52,104106.09,104870.51,9068.32377,101552.15214285713,72.18796904356225
2025-01-26,BTC-USD,102620.0,105500.0,102520.44,104746.86,9812.51238,102128.93357142856,66.19029096625178
2025-01-27,BTC-USD,102082.83,103260.0,97777.77,102620.01,50758.1341,102667.98571428572,64.81737671018514
2025-01-28,BTC-USD,101335.52,103800.0,100272.68,102082.83,22022.05765,103009.03285714285,59.869747266867215
2025-01-29,BTC-USD,103733.24,104782.68,101328.01,101335.52,23155.35802,103240.16785714286,57.143374339226455
2025-01-30,BTC-USD,104722.94,106457.44,103278.54,103733.25,19374.07472,103578.42785714286,60.23734459065668
2025-01-31,BTC-USD,102429.56,106012.0,101560.0,104722.94,21983.18193,103460.7192857143,46.13752575889115
2025-02-01,BTC-USD,100635.65,102783.71,100279.51,102429.56,12290.95747,103180.67785714286,41.34438086154823
2025-02-02,BTC-USD,97700.59,101456.6,96150.0,100635.66,34619.49939,102921.32214285714,41.8799087574917
2025-02-03,BTC-USD,101328.52,102500.01,91231.0,97700.59,75164.7385,102854.78714285714,48.141294279674476
2025-02-04,BTC-USD,97763.13,101732.31,96150.0,101328.51,40267.98697,102256.16642857144,33.061832963001436
2025-02-05,BTC-USD,96612.43,99149.0,96155.0,97763.14,26233.30444,101749.43571428572,34.87539339971114
2025-02-06,BTC-USD,96554.35,99120.0,95676.64,96612.44,23515.20405,101224.00785714285,34.21936147107675
2025-02-07,BTC-USD,96506.8,100137.99,95620.34,96554.35,31794.22065,100626.60071428571,31.326358375308132
2025-02-08,BTC-USD,96444.74,96880.0,95688.0,96506.8,10147.24294,100033.59285714287,31.41275101521036
2025-02-09,BTC-USD,96462.75,97323.09,94713.0,96444.75,14120.91613,99593.78928571429,34.77734589202814
2025-02-10,BTC-USD,97430.82,98345.0,95256.0,96462.75,20572.87537,99261.50285714286,38.73870907926316
2025-02-11,BTC-USD,95778.2,98478.42,94876.88,97430.82,18647.76379,98864.55142857143,37.11207420346212
2025-02-12,BTC-USD,97869.99,98119.99,94088.23,95778.21,29151.16625,98445.74785714285,36.20687627180449
2025-02-13,BTC-USD,96608.14,98083.91,95217.36,97870.0,19921.77616,97866.1192857143,31.15151627768695
2025-02-14,BTC-USD,97500.48,98826.0,96252.82,96608.13,18173.02646,97514.04214285714,37.754057567169
2025-02-15,BTC-USD,97569.66,97972.26,97223.58,97500.47,7349.37683,97295.04285714286,41.66879068814495
2025-02-16,BTC-USD,96118.12,97704.47,96046.18,97569.67,8191.4249,97182.00928571429,45.32287134149983
2025-02-17,BTC-USD,95780.0,97046.59,95205.0,96118.12,16492.0451,96785.68642857144,29.641895313084802
2025-02-18,BTC-USD,95671.74,96753.91,93388.09,95780.01,23368.19471,96636.30142857143,39.718018479533804
2025-02-19,BTC-USD,96644.37,96899.99,95029.99,95671.74,16438.50954,96638.58285714286,50.159826262747586
2025-02-20,BTC-USD,98305.0,98711.36,96415.09,96644.37,17057.39177,96763.62928571428,57.549387001763705
2025-02-21,BTC-USD,96181.98,99475.0,94871.95,98305.01,32249.2814,96740.42785714286,48.81193435024709
2025-02-22,BTC-USD,96551.01,96980.0,95770.49,96181.99,11268.17708,96748.01857142858,50.380157815396444
2025-02-23,BTC-USD,96258.0,96650.0,95227.94,96551.01,10884.84913,96733.39357142858,49.2816843003377
2025-02-24,BTC-USD,91552.88,96500.0,91349.26,96258.0,31550.10299,96313.54071428571,33.66253194983196
2025-02-25,BTC-USD,88680.4,92540.69,86050.99,91552.88,78333.11111,95806.55500000001,31.524806080483117
2025-02-26,BTC-USD,84250.09,89414.15,82256.01,88680.39,56893.54409,94833.705,18.395666879529514
2025-02-27,BTC-USD,84708.58,87078.46,82716.49,84250.09,42505.45439,93983.73642857141,21.318289099197088
2025-02-28,BTC-USD,84349.94,85120.0,78258.52,84708.57,83648.03969,93044.41214285714,17.466005226996344
2025-03-01,BTC-USD,86064.53,86558.0,83824.78,84349.95,25785.05464,92222.61714285715,23.679542383808084
2025-03-02,BTC-USD,94270.0,95000.0,85050.6,86064.54,54889.09045,92090.60857142857,46.77012771847409
2025-03-03,BTC-USD,86220.61,94416.46,85117.11,94269.99,59171.10218,91407.795,36.840434491605
2025-03-04,BTC-USD,87281.98,88967.52,81500.0,86221.16,55609.10706,90808.52642857142,38.74588253852934
2025-03-05,BTC-USD,90606.01,91000.0,86334.53,87281.98,38264.01163,90377.215,42.38072982149409
2025-03-06,BTC-USD,89931.89,92810.64,87836.0,90606.0,34342.44902,89779.1357142857,39.16496955025056
2025-03-07,BTC-USD,86801.75,91283.02,84667.03,89931.88,57980.35713,89109.11928571427,38.17007384568354
2025-03-08,BTC-USD,86222.45,86897.25,85218.47,86801.74,12989.23054,88371.365,37.04280309892047
2025-03-09,BTC-USD,80734.37,86500.0,80000.0,86222.46,26115.39345,87262.53428571428,32.771251054070746
2025-03-10,BTC-USD,78595.86,84123.46,77459.91,80734.48,47633.38405,86337.03285714285,34.75103636772765
2025-03-11,BTC-USD,82932.99,83617.4,76606.0,78595.86,48770.06853,85926.50357142858,43.461358097474005
2025-03-12,BTC-USD,83680.12,84539.85,80607.65,82932.99,31933.986,85885.79142857142,49.292250931856564
2025-03-13,BTC-USD,81115.78,84336.33,79939.9,83680.12,27546.27412,85629.16285714286,45.76043182989617
2025-03-14,BTC-USD,83983.2,85309.71,80818.84,81115.78,26858.52755,85602.96714285713,49.59143085428985
2025-03-15,BTC-USD,84338.44,84676.28,83618.0,83983.19,11324.7332,85479.675,48.01697637062181
2025-03-16,BTC-USD,82574.53,85117.04,81981.12,84338.44,17596.12531,84644.28428571428,34.22945616935871
2025-03-17,BTC-USD,84010.03,84756.83,82456.0,82574.52,17214.74358,84486.3857142857,46.37208029089266
2025-03-18,BTC-USD,82715.03,84021.74,81134.66,84010.02,17610.89883,84160.175,42.56193434169874
2025-03-19,BTC-USD,86845.94,87000.0,82547.16,82715.03,28151.05374,83891.59857142856,44.03290979419319
2025-03-20,BTC-USD,84223.39,87453.67,83655.23,86845.93,22090.30463,83483.84857142856,41.46843117773163
2025-03-21,BTC-USD,84088.79,84850.33,83175.25,84223.38,11956.97443,83290.06571428571,45.54662861847915
2025-03-22,BTC-USD,83840.59,84539.17,83625.1,84088.79,5420.22114,83119.93285714285,46.04716726875399
2025-03-23,BTC-USD,86082.5,86129.64,83809.75,83840.59,8461.97813,83501.94214285714,59.94728883449551
2025-03-24,BTC-USD,87498.16,88765.43,85519.09,86082.5,30115.62111,84137.82071428571,67.01542460673943
2025-03-25,BTC-USD,87392.87,88539.63,86310.0,87498.16,22643.25248,84456.38357142857,60.1695301733062
2025-03-26,BTC-USD,86909.17,88275.0,85860.0,87392.88,18408.78485,84687.03000000001,57.45249196486558
2025-03-27,BTC-USD,87232.01,87756.39,85800.0,86909.17,17098.03897,85123.90357142857,65.74503172314084
2025-03-28,BTC-USD,84424.38,87515.67,83585.0,87232.01,27182.73169,85155.41642857144,51.13923815288383
2025-03-29,BTC-USD,82648.54,84624.73,81644.81,84424.38,11696.39864,85034.70928571429,45.9345231851744
2025-03-30,BTC-USD,82389.99,83534.64,81565.0,82648.53,9864.49508,85021.52785714285,49.5213759805127
2025-03-31,BTC-USD,82550.01,83943.08,81278.52,82390.0,20569.13885,84917.24071428573,45.94499713931798
2025-04-01,BTC-USD,85158.34,85579.46,82432.74,82550.0,20190.39697,85091.76285714285,56.3245656586783
2025-04-02,BTC-USD,82516.29,88500.0,82320.0,85158.35,39931.457,84782.50214285713,37.856597541842
2025-04-03,BTC-USD,83213.09,83998.02,81211.24,82516.28,27337.84135,84710.33785714286,46.823239685512355
2025-04-04,BTC-USD,83889.87,84720.0,81659.0,83213.09,32915.53976,84696.12928571427,49.39514461553431
2025-04-05,BTC-USD,83537.99,84266.0,82379.95,83889.87,9360.40468,84674.515,49.08565033044708
2025-04-06,BTC-USD,78430.0,83817.63,77153.83,83537.99,27942.71436,84127.90785714285,30.29063490297402
2025-04-07,BTC-USD,79163.24,81243.58,74508.0,78430.0,78387.53089,83532.55642857144,27.750929745116892
2025-04-08,BTC-USD,76322.42,80867.99,76239.9,79163.24,35317.32063,82741.81000000001,24.21455413954878
2025-04-09,BTC-USD,82615.22,83588.0,74620.0,76322.42,75488.28772,82435.09928571428,42.12857879780332
2025-04-10,BTC-USD,79607.3,82753.21,78464.36,82615.22,33284.80718,81890.47714285714,37.275459644567135
2025-04-11,BTC-USD,83423.84,84300.0,78969.58,79607.3,34435.43797,81819.01,48.384639626781905
2025-04-12,BTC-USD,85276.9,85905.0,82792.95,83423.83,18470.74437,82006.75,54.232902735807066
2025-04-13,BTC-USD,83760.0,86100.0,83034.23,85276.91,24680.04181,82104.60785714285,52.12042174106713
2025-04-14,BTC-USD,84591.58,85799.99,83678.0,83760.0,28659.09348,82250.43428571428,53.09547440934794
2025-04-15,BTC-USD,83643.99,86496.42,83600.0,84591.58,20910.99528,82142.26642857143,47.582142646159554
2025-04-16,BTC-USD,84030.38,85500.0,83111.64,83643.99,20867.24519,82250.41571428571,52.60508411994515
2025-04-17,BTC-USD,84947.91,85470.01,83736.26,84030.38,13728.84772,82374.33142857142,52.962362649935024
2025-04-18,BTC-USD,84474.69,85132.08,84303.96,84947.92,6529.96315,82416.1042857143,51.005624287678515
2025-04-19,BTC-USD,85077.01,85677.99,84364.45,84474.7,9666.58153,82526.0342857143,52.623815547652555
2025-04-20,BTC-USD,85179.24,85320.76,83949.52,85077.0,8091.67725,83008.12285714287,63.87468372437623
2025-04-21,BTC-USD,87516.23,88465.99,85144.76,85179.24,31773.37262,83604.765,66.10936018011338
2025-04-22,BTC-USD,93442.99,93888.0,87076.03,87516.22,43872.74705,84827.66285714286,79.50618764828005
2025-04-23,BTC-USD,93691.08,94696.05,91935.41,93442.99,27404.16808,85618.7957142857,74.11242680841136
2025-04-24,BTC-USD,93980.47,94005.0,91660.01,93691.07,19497.06071,86645.45071428572,85.49177992146616
2025-04-25,BTC-USD,94638.68,95758.04,92855.96,93980.47,27500.66648,87446.51071428573,82.81061844582823
2025-04-26,BTC-USD,94628.0,95199.0,93870.69,94638.68,9415.06875,88114.44642857143,80.66360700635111
2025-04-27,BTC-USD,93749.3,95369.0,93602.58,94628.0,11162.841,88827.96785714287,84.18726488191398
2025-04-28,BTC-USD,95011.18,95630.0,92800.01,93749.29,22157.53351,89572.225,84.63967372297043
2025-04-29,BTC-USD,94256.82,95461.53,93742.54,95011.18,16955.3402,90330.2842857143,85.74125650394879
2025-04-30,BTC-USD,94172.0,95228.45,92910.0,94256.82,17661.2751,91054.68571428572,84.86247677924928
2025-05-01,BTC-USD,96489.91,97424.02,94130.43,94172.0,21380.45343,91879.1142857143,86.19189291564555
2025-05-02,BTC-USD,96887.14,97895.68,96350.0,96489.9,14905.74811,92765.71785714284,89.10770739219785
2025-05-03,BTC-USD,95856.42,96935.67,95753.01,96887.13,9723.34838,93535.67571428571,83.06979335463257
2025-05-04,BTC-USD,94277.62,96304.48,94151.38,95856.42,11036.38342,94185.55999999998,75.59385503084752
2025-05-05,BTC-USD,94733.68,95199.0,93514.1,94277.61,17251.18189,94701.09214285715,72.70550869185796
2025-05-06,BTC-USD,96834.02,96920.65,93377.0,94733.68,16122.64513,94943.30857142856,64.05061990405392
2025-05-07,BTC-USD,97030.5,97732.0,95784.61,96834.02,16644.83854,95181.83857142857,63.89620808983006
2025-05-08,BTC-USD,103261.6,104145.76,96876.29,97030.5,34962.02847,95844.77642857142,75.84223454652683
2025-05-09,BTC-USD,102971.99,104361.3,102315.14,103261.61,27617.39907,96440.01285714285,73.68939926737016
2025-05-10,BTC-USD,104809.53,104984.57,102818.76,102971.99,15324.78611,97167.265,76.22004012247916
2025-05-11,BTC-USD,104118.0,104972.0,103345.06,104809.53,17987.12197,97907.88642857142,76.96196975512238
2025-05-12,BTC-USD,102791.32,105819.45,100718.37,104118.0,31272.77792,98463.61071428572,70.16292803985661
2025-05-13,BTC-USD,104103.72,104976.25,101429.7,102791.32,21253.42409,99166.96071428571,74.80175021988572
2025-05-14,BTC-USD,103507.82,104356.95,102602.05,104103.72,16452.9081,99833.80500000001,72.92427672708882
2025-05-15,BTC-USD,103763.71,104192.7,101383.07,103507.83,17998.98604,100353.36214285715,69.8734664169073
2025-05-16,BTC-USD,103463.9,104550.33,103100.49,103763.71,15683.88024,100823.13071428573,68.06518316352484
2025-05-17,BTC-USD,103126.65,103709.86,102612.5,103463.9,11250.89622,101342.43285714286,70.76094598384066
2025-05-18,BTC-USD,106454.26,106660.0,103105.09,103126.65,21599.98726,102212.19285714287,81.61416954855594
2025-05-19,BTC-USD,105573.74,107108.62,102000.0,106454.27,30260.03524,102986.48285714285,77.53708086203801
2025-05-20,BTC-USD,106849.99,107320.0,104184.72,105573.73,23705.48275,103701.9092857143,76.55548644462442
2025-05-21,BTC-USD,109643.99,110797.38,106100.01,106850.0,45531.040345,104602.87285714287,79.39372923957724
2025-05-22,BTC-USD,111696.21,111980.0,109177.37,109643.99,31630.77313,105205.345,74.40964137149462
2025-05-23,BTC-USD,107318.3,111800.0,106800.0,111696.22,31737.72309,105515.79571428572,60.171322846962234
2025-05-24,BTC-USD,107761.91,109506.03,106875.41,107318.3,16782.53129,105726.68000000001,57.391453255075476
2025-05-25,BTC-USD,109004.19,109299.99,106600.64,107761.9,17710.04695,106075.69357142856,61.90456931547247
2025-05-26,BTC-USD,109434.79,110422.22,108670.58,109004.2,14649.11593,106550.22714285714,66.92496019361822
2025-05-27,BTC-USD,108938.17,110718.0,107516.57,109434.78,21276.65635,106895.545,62.850423195167366
2025-05-28,BTC-USD,107781.78,109284.7,106769.43,108938.17,15633.78829,107200.82785714285,61.03187451731869
2025-05-29,BTC-USD,105589.75,108891.91,105322.86,107781.78,19834.70116,107331.25928571427,54.28505052306507
2025-05-30,BTC-USD,103985.48,106313.12,103621.0,105589.75,23706.49799,107368.515,51.15334811043555
2025-05-31,BTC-USD,104591.88,104900.0,103068.55,103985.47,11289.35922,107473.17428571428,53.201889277037324
2025-06-01,BTC-USD,105642.93,105866.91,103752.49,104591.88,9709.70006,107415.22214285715,48.03114906463018
2025-06-02,BTC-USD,105857.99,105935.63,103659.88,105642.93,13453.98813,107435.5257142857,50.712810119421086
2025-06-03,BTC-USD,105376.89,106794.67,104872.5,105858.0,13259.52634,107330.30428571429,46.15248799333873
2025-06-04,BTC-USD,104696.86,106000.0,104179.0,105376.9,14034.89482,106976.93785714285,35.474882806788415
2025-06-05,BTC-USD,101508.68,105909.71,100372.26,104696.86,22321.50154,106249.25714285714,21.95917212434759
2025-06-06,BTC-USD,104288.44,105333.0,101095.8,101508.69,15839.07385,106032.83857142857,40.855947047752885
2025-06-07,BTC-USD,105552.15,105900.0,103871.09,104288.43,8344.93206,105874.99857142857,43.645542654829775
2025-06-08,BTC-USD,105734.0,106488.14,104964.14,105552.15,8048.06305,105641.41357142858,39.985361715680426
2025-06-09,BTC-USD,110263.02,110530.17,105318.37,105734.01,19975.37451,105700.57285714286,52.02744416652348
2025-06-10,BTC-USD,110274.39,110400.0,108331.03,110263.02,17071.82839,105796.01714285715,53.350564838301686
2025-06-11,BTC-USD,108645.12,110392.01,108064.0,110274.39,13115.91638,105857.68428571429,52.11467146097358
2025-06-12,BTC-USD,105671.73,108813.55,105671.72,108645.13,17778.67218,105863.54000000001,50.193399595932135
2025-06-13,BTC-USD,106066.59,106179.53,102664.31,105671.74,26180.81734,106012.19071428572,55.206666983570216
2025-06-14,BTC-USD,105414.64,106252.0,104300.0,106066.59,8798.93969,106070.95928571429,52.05375775064151
2025-06-15,BTC-USD,105594.01,106128.57,104494.53,105414.63,7164.20047,106067.465,49.872331008219675
2025-06-16,BTC-USD,106794.53,108952.38,104980.37,105594.02,14922.6654,106134.36071428572,52.3245689368449
2025-06-17,BTC-USD,104551.17,107771.34,103371.02,106794.53,17866.33025,106075.3807142857,48.11536593471203
2025-06-18,BTC-USD,104886.78,105550.27,103500.0,104551.17,13968.64167,106088.94642857143,50.44039992171492
2025-06-19,BTC-USD,104658.59,105226.17,103929.27,104886.79,7678.60737,106313.94000000002,58.46648493218286
2025-06-20,BTC-USD,103297.99,106524.65,102345.0,104658.59,16419.06283,106243.19357142856,47.11794807330705
2025-06-21,BTC-USD,102120.01,103982.64,100837.9,103297.98,11154.21332,105998.04071428571,39.96294160378165
2025-06-22,BTC-USD,100963.87,103399.62,98200.0,102120.02,28746.41072,105657.31714285714,36.80215896407794
2025-06-23,BTC-USD,105333.93,106074.2,99613.33,100963.87,27666.50609,105305.23928571427,36.2413308568739
2025-06-24,BTC-USD,106083.0,106290.0,104622.02,105333.94,14651.69335,105005.85428571429,38.763252418048545
2025-06-25,BTC-USD,107340.58,108135.3,105808.03,106083.0,16701.15551,104912.67285714285,46.43152569003891
2025-06-26,BTC-USD,106947.06,108272.45,106562.5,107340.59,10573.27279,105003.76785714286,54.06186838365456
2025-06-27,BTC-USD,107047.59,107735.34,106356.76,106947.06,12232.44042,105073.83928571429,53.18413864018779
2025-06-28,BTC-USD,107296.79,107577.75,106811.51,107047.58,3282.17352,105208.27857142857,56.27310983466572
2025-06-29,BTC-USD,108356.93,108528.5,107172.52,107296.79,6831.7364,105405.63,58.69800094443569
2025-06-30,BTC-USD,107146.5,108789.99,106733.33,108356.93,9754.12491,105430.77071428571,51.10735250349067
2025-07-01,BTC-USD,105681.14,107540.0,105250.85,107146.51,10505.62437,105511.48285714285,53.73805527308046
2025-07-02,BTC-USD,108849.6,109730.0,105100.19,105681.13,17691.89592,105794.54142857144,61.040181063850426
2025-07-03,BTC-USD,109584.78,110529.18,108530.4,108849.59,13047.08225,106146.41214285714,63.347033881084315
2025-07-04,BTC-USD,107984.24,109767.59,107245.0,109584.77,11793.86615,106481.14428571428,62.53397445944435
2025-07-05,BTC-USD,108198.12,108420.56,107756.31,107984.25,3736.9757,106915.295,67.14066313256167
2025-07-06,BTC-USD,109203.84,109700.0,107800.01,108198.12,6447.607,107503.8642857143,73.4360770139599
2025-07-07,BTC-USD,108262.94,109700.0,107513.2,109203.85,9405.37601,107713.0792857143,60.34948563691349
2025-07-08,BTC-USD,108922.98,109216.56,107429.57,108262.94,9216.0208,107915.93500000001,60.09843914011897
2025-07-09,BTC-USD,111233.99,111999.79,108324.53,108922.99,17282.2865,108194.03571428571,62.87936878221574
2025-07-10,BTC-USD,116010.0,116868.0,110500.0,111234.0,24883.450665,108841.38857142857,73.24140654651394
2025-07-11,BTC-USD,117527.66,118869.98,115222.22,116010.01,25873.521148,109589.965,75.05451951346748
2025-07-12,BTC-USD,117420.0,118200.0,116900.05,117527.66,8446.60437,110313.05142857143,74.36628044398043
2025-07-13,BTC-USD,119086.64,119488.0,117224.79,117420.0,9550.792947,111079.45928571429,75.09346574684433
2025-07-14,BTC-USD,119841.18,123218.0,118905.18,119086.65,27269.348877,111986.22214285714,80.33579307576136
2025-07-15,BTC-USD,117758.09,119940.83,115736.92,119841.17,32018.46083,112848.86142857143,78.03204351820433
2025-07-16,BTC-USD,118630.43,120063.84,117017.29,117758.08,17039.90851,113547.49214285714,75.41107631457388
2025-07-17,BTC-USD,119177.56,120998.71,117453.57,118630.44,15728.57651,114232.69071428571,75.16844062808941
2025-07-18,BTC-USD,117924.84,120820.71,116812.76,119177.56,19924.66266,114942.73357142856,76.56587565355058
2025-07-19,BTC-USD,117840.0,118499.9,117277.34,117924.84,6635.80306,115631.43928571428,75.94651324252033
2025-07-20,BTC-USD,117265.12,118856.8,116467.02,117840.01,12962.92889,116207.245,72.20804365529332
2025-07-21,BTC-USD,117380.36,119676.73,116515.0,117265.11,17107.33128,116858.48928571427,76.31472309770373
2025-07-22,BTC-USD,119954.42,120247.8,116128.0,117380.36,20959.12973,117646.44928571429,78.67123197950703
2025-07-23,BTC-USD,118755.99,120090.0,117301.0,119954.43,14558.75083,118183.735,70.75007006803773
2025-07-24,BTC-USD,118340.99,119450.0,117103.1,118756.0,15806.89043,118350.2342857143,58.46756411364822
2025-07-25,BTC-USD,117614.31,118451.57,114723.16,118340.98,38406.34873,118356.42357142859,50.3339564103058
2025-07-26,BTC-USD,117919.99,118297.35,117138.38,117614.31,6991.67206,118392.13714285716,51.89803261188938
2025-07-27,BTC-USD,119415.55,119766.65,117825.5,117919.99,9328.30919,118415.63071428573,51.265019972785026
2025-07-28,BTC-USD,118062.32,119800.0,117427.5,119415.56,13961.74754,118288.56928571429,43.4595349028744
2025-07-29,BTC-USD,117950.76,119273.36,116950.75,118062.32,15137.93445,118302.33142857142,50.82852068614086
2025-07-30,BTC-USD,117840.3,118792.0,115796.23,117950.75,15586.73631,118245.89357142858,46.36403211273885
2025-07-31,BTC-USD,115764.08,118922.45,115500.0,117840.29,17010.0073,118002.07357142857,36.22992667751017
2025-08-01,BTC-USD,113297.93,116052.0,112722.58,115764.07,24487.10206,117671.58,32.999289388072754
2025-08-02,BTC-USD,112546.35,114063.49,112003.0,113297.92,11507.33428,117293.46214285716,31.457968031619544
2025-08-03,BTC-USD,114208.8,114799.97,111920.0,112546.35,7397.76046,117075.15357142857,40.052531196500546
2025-08-04,BTC-USD,115055.03,115720.0,114107.6,114208.81,9667.67916,116909.05857142857,42.77546729102625
2025-08-05,BTC-USD,114129.75,115127.81,112650.0,115055.03,12042.79078,116493.0107142857,29.837772274725836
2025-08-06,BTC-USD,114992.27,115716.0,113355.13,114129.75,9761.15318,116224.17357142856,36.66161064882412
2025-08-07,BTC-USD,117472.01,117621.0,114259.0,114992.27,13468.56263,116162.10357142857,47.31354191527535
2025-08-08,BTC-USD,116674.74,117630.0,115878.71,117472.02,10045.31278,116094.99142857142,47.107935087137186
2025-08-09,BTC-USD,116462.25,117944.05,116299.13,116674.74,9514.13144,115990.86714285714,45.48707984897285
2025-08-10,BTC-USD,119294.01,119311.11,116460.63,116462.25,14322.77073,115982.1857142857,49.65248351055128
2025-08-11,BTC-USD,118686.0,122335.16,118050.11,119294.27,26494.33429,116026.7342857143,51.86265210504057
2025-08-12,BTC-USD,120134.08,120324.43,118207.47,118686.0,16720.10893,116182.68571428572,56.038530299409715
2025-08-13,BTC-USD,123306.43,123667.79,118920.92,120134.09,23210.07102,116573.12357142857,62.928326363177526
2025-08-14,BTC-USD,118295.09,124474.0,117180.0,123306.44,27980.947586,116753.91,55.256456319249025
2025-08-15,BTC-USD,117342.05,119216.82,116803.99,118295.09,13623.33874,117042.7757142857,58.96218177885613
2025-08-16,BTC-USD,117380.66,117898.99,117143.98,117342.04,6393.68117,117388.08357142856,61.06291451803434
2025-08-17,BTC-USD,117405.01,118575.0,117172.21,117380.66,5898.64192,117616.38428571429,57.90707765595785
2025-08-18,BTC-USD,116227.05,117543.75,114640.14,117405.01,17745.93954,117700.1,52.85262963179316
2025-08-19,BTC-USD,112872.94,116725.69,112732.58,116227.05,18065.47424,117610.32785714287,47.2644300818009
2025-08-20,BTC-USD,114271.24,114615.38,112380.0,112872.95,15636.34194,117558.82571428572,48.4663771976581
2025-08-21,BTC-USD,112500.0,114821.76,112015.67,114271.23,10839.69235,117203.68214285714,39.09594800804072
2025-08-22,BTC-USD,116935.99,117429.05,111684.79,112500.0,23128.09037,117222.34285714287,50.494087404960275
2025-08-23,BTC-USD,115438.05,117030.0,114560.0,116936.0,11329.36197,117149.18571428572,48.152802646747766
2025-08-24,BTC-USD,113493.59,115666.68,110680.0,115438.06,21175.98462,116734.87,39.192749381609175
2025-08-25,BTC-USD,110111.98,113667.28,109274.1,113493.59,25182.79379,116122.44000000002,35.52144624439957
2025-08-26,BTC-USD,111763.22,112371.0,108666.66,110111.98,18452.43877,115524.52142857143,35.960840639542965
2025-08-27,BTC-USD,111262.01,112625.0,110345.42,111763.22,13392.60875,114664.20571428572,27.811719365987017
2025-08-28,BTC-USD,112566.9,113485.9,110862.42,111262.01,11104.27744,114255.04928571428,37.778531637575504
2025-08-29,BTC-USD,108377.4,112638.64,107463.9,112566.9,22580.31045,113614.71714285715,33.19427056912252
2025-08-30,BTC-USD,108816.33,108926.15,107350.1,108377.4,10708.39159,113002.97928571429,34.182152378145034
2025-08-31,BTC-USD,108246.35,109480.02,108076.93,108816.33,9489.51596,112348.78928571429,33.418654063965604
2025-09-01,BTC-USD,109237.42,109912.4,107255.0,108246.36,16053.60219,111849.53,37.25936886972772
2025-09-02,BTC-USD,111240.01,111771.52,108393.39,109237.43,18510.28756,111732.89214285715,46.869256622678435
2025-09-03,BTC-USD,111705.71,112575.27,110528.71,111240.01,11773.72084,111549.64,44.898802410687836
2025-09-04,BTC-USD,110730.87,112180.0,109329.12,111705.72,12203.13536,111423.27357142858,46.367282068341
2025-09-05,BTC-USD,110659.99,113384.62,110206.96,110730.87,21587.40888,110974.98785714286,34.29809795825237
2025-09-06,BTC-USD,110187.97,111307.7,109977.0,110660.0,5000.29897,110599.98214285714,36.15406362809697
2025-09-07,BTC-USD,111137.34,111600.0,110180.0,110187.98,5681.29944,110431.67857142857,43.44168253651922
2025-09-08,BTC-USD,112065.23,112924.37,110621.78,111137.35,11582.40211,110571.19642857143,56.296699378663334
2025-09-09,BTC-USD,111546.39,113293.29,110766.66,112065.23,15379.28248,110555.70857142856,49.24595085030926
2025-09-10,BTC-USD,113960.0,114313.13,110917.45,111546.38,17517.41823,110748.42214285713,58.28106746977156
2025-09-11,BTC-USD,115482.69,115488.09,113430.0,113960.0,13676.73119,110956.69285714286,58.83149350826364
2025-09-12,BTC-USD,116029.42,116665.63,114740.99,115482.69,15324.10719,111503.2657142857,79.73935767508166
2025-09-13,BTC-USD,115918.29,116298.78,115127.27,116029.41,8269.40394,112010.54857142856,78.32323283886372
2025-09-14,BTC-USD,115268.01,116165.19,115135.0,115918.29,6707.60197,112512.09571428571,77.82477547306782
2025-09-15,BTC-USD,115349.71,116757.99,114384.0,115268.01,13212.51149,112948.68785714285,76.10244724455448
2025-09-16,BTC-USD,116788.96,116964.27,114737.11,115349.71,10926.9094,113345.04142857144,74.89450359939453
2025-09-17,BTC-USD,116447.59,117286.73,114720.81,116788.96,16754.2454,113683.74714285714,71.51371068725832
2025-09-18,BTC-USD,117073.53,117900.0,116092.76,116447.6,11657.23365,114136.79428571428,79.71719594816194
2025-09-19,BTC-USD,115632.38,117459.99,115100.0,117073.53,8992.09065,114491.965,70.64608199488951
2025-09-20,BTC-USD,115685.63,116121.81,115408.47,115632.39,4674.92752,114884.655,73.64951132218322
2025-09-21,BTC-USD,115232.29,115819.06,115188.0,115685.63,4511.52219,115177.15142857144,68.40068049647837
2025-09-22,BTC-USD,112650.99,115379.25,111800.0,115232.29,20781.71356,115218.99142857143,52.29160178959017
2025-09-23,BTC-USD,111998.8,113290.5,111458.73,112650.99,12301.3203,115251.30642857144,51.75163563686656
2025-09-24,BTC-USD,113307.0,113940.0,111042.66,111998.8,12369.25967,115204.66357142858,47.23504723707967
2025-09-25,BTC-USD,108994.49,113510.23,108631.51,113307.01,21231.14957,114741.22071428572,27.777610331037664
2025-09-26,BTC-USD,109643.46,110300.0,108620.07,108994.49,14243.01591,114285.08071428572,28.27990460240349
2025-09-27,BTC-USD,109635.85,109743.91,109064.4,109643.46,5501.78643,113836.335,28.480461133954435
2025-09-28,BTC-USD,112163.95,112350.0,109189.99,109635.85,7542.3316,113614.61642857143,40.57941544946003
2025-09-29,BTC-USD,114311.96,114400.0,111560.65,112163.96,15541.12005,113540.49142857143,47.201501090275215
2025-09-30,BTC-USD,114048.93,114792.0,112656.27,114311.97,15044.15633,113344.775,42.110467222229545
2025-10-01,BTC-USD,118594.99,118649.1,113966.67,114048.94,20036.39516,113498.16071428571,54.977825334289015
2025-10-02,BTC-USD,120529.35,121022.07,118279.31,118594.99,19670.83503,113745.005,57.55268798780318
2025-10-03,BTC-USD,122232.0,123894.99,119248.3,120529.35,23936.328,114216.40642857143,64.26045762282632
2025-10-04,BTC-USD,122391.0,122800.0,121510.0,122232.21,8208.16678,114695.36142857143,64.42304755406784
2025-10-05,BTC-USD,123482.31,125708.42,122136.0,122390.99,22043.097553,115284.64857142858,67.27152445432583
2025-10-06,BTC-USD,124658.54,126199.63,123084.0,123482.32,19494.628793,116142.33071428571,76.7092871636245
2025-10-07,BTC-USD,121332.95,125126.0,120574.94,124658.54,21633.99385,116809.05571428571,68.55575563094716
2025-10-08,BTC-USD,123306.0,124197.25,121066.14,121332.96,17012.618,117523.27,69.36553705230146
2025-10-09,BTC-USD,121662.4,123762.94,119651.47,123306.01,21559.36007,118428.12071428572,77.36336902750477
2025-10-10,BTC-USD,112774.5,122550.0,102000.0,121662.41,64171.93927,118651.76642857143,54.98787695346724
2025-10-11,BTC-USD,110644.4,113322.39,109561.59,112774.49,35448.51652,118723.8057142857,51.50489465662795
2025-10-12,BTC-USD,114958.8,115770.0,109565.06,110644.4,32255.30272,118923.43785714285,53.95923932060057
2025-10-13,BTC-USD,115166.0,115963.81,113616.5,114958.81,22557.24033,118984.44071428571,51.28024781078882
2025-10-14,BTC-USD,113028.14,115409.96,109866.0,115166.0,31870.32974,118911.52714285716,48.55122056037999
2025-10-15,BTC-USD,110763.28,113612.35,110164.0,113028.13,22986.48811,118352.1192857143,38.11508459817573
2025-10-16,BTC-USD,108194.28,111982.45,107427.0,110763.28,29857.17252,117471.04285714285,31.634812515353858
2025-10-17,BTC-USD,106431.68,109240.0,103528.23,108194.27,37920.66838,116342.44857142857,26.517461440371918
2025-10-18,BTC-USD,107185.01,107499.0,106322.2,106431.68,11123.18766,115256.30642857144,27.79306499424746
2025-10-19,BTC-USD,108642.78,109450.07,106103.36,107185.0,15480.66423,114196.33999999998,28.557755301560633
2025-10-20,BTC-USD,110532.09,111705.56,107402.52,108642.77,19193.4416,113187.30785714285,30.000252006352852
2025-10-21,BTC-USD,108297.67,114000.0,107473.72,110532.09,37228.01659,112256.21642857141,30.956716356857797
2025-10-22,BTC-USD,107567.44,109163.88,106666.69,108297.66,28610.78451,111132.03357142858,26.141102363732628
2025-10-23,BTC-USD,110078.18,111293.61,107500.0,107567.45,17573.09294,110304.58928571429,32.88875063072899
2025-10-24,BTC-USD,111004.89,112104.98,109700.01,110078.19,15005.16913,110178.18857142856,46.582250904164894
2025-10-25,BTC-USD,111646.27,111943.19,110672.86,111004.9,6407.96864,110249.75071428572,52.05302828177763
2025-10-26,BTC-USD,114559.4,115466.8,111260.45,111646.27,13454.47737,110221.22214285715,49.13168401124591
2025-10-27,BTC-USD,114107.65,116400.0,113830.01,114559.41,21450.23241,110145.62571428572,47.723301850141254
2025-10-28,BTC-USD,112898.45,116086.0,112211.0,114107.65,15523.42257,110136.36214285714,49.70940328746914
2025-10-29,BTC-USD,110021.29,113643.73,109200.0,112898.44,21079.71376,110083.36285714284,48.381823312788164
2025-10-30,BTC-USD,108322.88,111592.0,106304.34,110021.3,25988.82838,110092.54857142859,50.291528798783474
2025-10-31,BTC-USD,109608.01,111190.0,108275.28,108322.87,21518.20439,110319.42928571427,57.359883625821254
2025-11-01,BTC-USD,110098.1,110564.49,109394.81,109608.01,7378.50431,110527.50714285714,56.83328931201485
2025-11-02,BTC-USD,110540.68,111250.01,109471.34,110098.1,12107.00087,110663.0714285714,54.674575275957324
2025-11-03,BTC-USD,106583.04,110750.0,105306.56,110540.69,28681.18779,110380.99642857142,41.17277054366907
2025-11-04,BTC-USD,101497.22,107299.0,98944.36,106583.05,50534.87376,109895.25,36.51772781648827
2025-11-05,BTC-USD,103885.16,104534.74,98966.8,101497.23,33778.77571,109632.23,43.149929607019644
2025-11-06,BTC-USD,101346.04,104200.0,100300.95,103885.16,25814.62139,109008.50571428573,33.77291212462917
2025-11-07,BTC-USD,103339.08,104096.36,99260.86,101346.04,32059.50942,108460.94785714286,36.29754196906306
2025-11-08,BTC-USD,102312.94,103406.22,101454.0,103339.09,12390.77985,107794.28142857143,33.543250996662195
2025-11-09,BTC-USD,104722.96,105495.62,101400.0,102312.95,16338.97096,107091.67857142857,32.34288455103821
2025-11-10,BTC-USD,106011.13,106670.11,104265.02,104722.95,22682.25673,106513.35571428572,35.88987419511575
2025-11-11,BTC-USD,103058.99,107500.0,102476.09,106011.13,24196.50718,105810.53714285714,33.83443847877662
2025-11-12,BTC-USD,101654.37,105333.33,100813.59,103059.0,20457.63906,105212.90000000001,35.554779795903855
2025-11-13,BTC-USD,99692.02,104085.01,98000.4,101654.37,36198.50771,104596.41,35.23367140237059
2025-11-14,BTC-USD,94594.0,99866.02,94012.45,99692.03,47288.14481,103523.98071428572,27.277451904173702
2025-11-15,BTC-USD,95596.24,96846.68,94558.49,94594.0,15110.89391,102488.13357142858,28.38758694527307
2025-11-16,BTC-USD,94261.44,96635.11,93005.55,95596.23,23889.4051,101325.33071428572,26.367209162285917
2025-11-17,BTC-USD,92215.14,96043.0,91220.0,94261.45,39218.59806,100299.05214285714,27.91641254789323
2025-11-18,BTC-USD,92960.83,93836.01,89253.78,92215.14,39835.14769,99689.31000000001,34.85950453679759
2025-11-19,BTC-USD,91554.96,92980.22,88608.0,92960.83,32286.6376,98808.58142857142,27.34128868457384
2025-11-20,BTC-USD,86637.23,93160.0,86100.0,91554.96,39733.19073,97757.95214285715,25.143229505531664
2025-11-21,BTC-USD,85129.43,87498.94,80600.0,86637.22,72256.12679,96457.26285714286,18.713973559792862
2025-11-22,BTC-USD,84739.74,85620.0,83500.0,85129.42,14193.93263,95202.0342857143,19.132393527027887
2025-11-23,BTC-USD,86830.0,88127.64,84667.57,84739.75,19734.46418,93923.96571428572,18.213665471930327
2025-11-24,BTC-USD,88300.01,89228.0,85272.0,86830.0,24663.12795,92658.88571428573,18.738668263229528
2025-11-25,BTC-USD,87369.96,88519.99,86116.0,88300.01,19567.0411,91538.24071428573,20.17910370596489
2025-11-26,BTC-USD,90484.02,90656.08,86306.77,87369.97,21675.82239,90740.35857142857,30.06353411598913
2025-11-27,BTC-USD,91333.95,91950.0,90089.91,90484.01,16833.50932,90143.35357142857,34.46596871288672
2025-11-28,BTC-USD,90890.7,93092.0,90180.63,91333.94,18830.86012,89878.83214285714,41.67710970312409
2025-11-29,BTC-USD,90802.44,91165.65,90155.47,90890.71,7429.88291,89536.41785714285,38.7647243563001
2025-11-30,BTC-USD,90360.0,92000.01,90336.9,90802.44,9687.74175,89257.74357142857,40.456985696632394
2025-12-01,BTC-USD,86286.01,90417.0,83822.76,90360.01,34509.01227,88834.2342857143,36.80599474031587
2025-12-02,BTC-USD,91277.88,92307.65,86184.39,86286.01,28210.22732,88714.02357142858,46.850202562510276
2025-12-03,BTC-USD,93429.95,94150.0,90990.23,91277.88,25712.52585,88847.95142857144,53.41386330854823
2025-12-04,BTC-USD,92078.06,94080.0,90889.0,93429.95,19803.94059,89236.58214285715,61.38459973961703
2025-12-05,BTC-USD,89330.04,92692.36,88056.0,92078.06,19792.97218,89536.62571428569,58.35583444960354
2025-12-06,BTC-USD,89236.79,90289.97,88908.01,89330.04,8409.50016,89857.84357142856,59.052269886289274
2025-12-07,BTC-USD,90395.31,91760.0,87719.28,89236.8,13021.11185,90112.50857142857,57.45643332813275
2025-12-08,BTC-USD,90634.34,92287.15,89612.0,90395.32,15793.63887,90279.24642857142,55.14699494589805
2025-12-09,BTC-USD,92678.8,94588.99,89500.0,90634.35,21240.43014,90658.44928571429,61.1572255773602
2025-12-10,BTC-USD,92015.37,94476.0,91563.15,92678.81,18998.68083,90767.83142857142,53.58791138502022
2025-12-11,BTC-USD,92513.38,93555.0,89260.63,92015.38,19972.58758,90852.07642857141,52.80970665350391
2025-12-12,BTC-USD,90268.42,92754.0,89480.0,92513.38,16679.19169,90807.62785714286,48.63476406525612
2025-12-13,BTC-USD,90240.01,90634.55,89766.39,90268.43,5895.70788,90767.4542857143,48.76282151396699
2025-12-14,BTC-USD,88172.17,90472.4,87577.36,90240.0,9416.94004,90611.18071428571,45.5085965326463
2025-12-15,BTC-USD,86432.08,90052.64,85146.64,88172.16,19778.6919,90621.6142857143,50.3316478860768
2025-12-16,BTC-USD,87863.42,88175.98,85266.0,86432.08,18456.05017,90377.72428571428,40.75239473667104
2025-12-17,BTC-USD,86243.22,90365.85,85314.0,87863.43,19834.11729,89864.38642857142,29.95830881594253
2025-12-18,BTC-USD,85516.41,89477.61,84450.01,86243.23,25405.41763,89395.69714285714,31.040482837572284
2025-12-19,BTC-USD,88136.94,89399.97,85110.24,85516.41,21256.65004,89310.47571428573,46.52701771218059
2025-12-20,BTC-USD,88360.9,88573.07,87795.76,88136.95,5123.13194,89247.91214285714,47.469636153849265
2025-12-21,BTC-USD,88658.86,89081.77,87600.04,88360.91,7132.87258,89123.88,44.72108338101165
2025-12-22,BTC-USD,88620.79,90588.23,87900.0,88658.87,14673.2197,88980.05500000001,43.80296280885162
2025-12-23,BTC-USD,87486.0,88940.0,86601.9,88620.79,13910.32904,88609.14071428574,33.07034245324847
2025-12-24,BTC-USD,87669.45,88049.89,86420.0,87486.0,9140.8432,88298.71785714287,35.37359606150069
2025-12-25,BTC-USD,87225.27,88592.74,86934.72,87669.44,7096.58235,87920.99571428572,32.13788938287149
2025-12-26,BTC-USD,87369.56,89567.75,86655.08,87225.27,18344.61505,87713.93428571428,38.5888904984443
2025-12-27,BTC-USD,87877.01,87984.0,87253.05,87369.56,4469.55156,87545.14857142857,41.036312984790165
2025-12-28,BTC-USD,87952.71,88088.75,87435.0,87877.0,4446.29285,87529.47285714287,49.01928889731003
2025-12-29,BTC-USD,87237.13,90406.08,86806.5,87952.71,19894.98575,87586.97642857142,53.9601802778546
2025-12-30,BTC-USD,88485.49,89400.0,86845.66,87237.13,13105.91001,87631.41,53.11616788544216
2025-12-31,BTC-USD,88818.0,89046.6,88172.15,88485.5,4533.67376,87815.32285714286,64.80841166645965
